"ONTOLOGY","ID","Description","GeneRatio","BgRatio","pvalue","p.adjust","qvalue","geneID","Count"
"BP","GO:0007005","mitochondrion organization","62/1060","459/23210",1.91869145985635e-14,1.03609338832243e-10,7.86057595974831e-11,"Tspo/Sept4/Pycard/Gsk3b/Atg5/Timm44/Cox7a1/Mrpl15/Hmgcl/Lig3/Gdap1/Dnajc11/Lonp1/Fancg/Rb1cc1/Ier3/Fam162a/Pdcd5/Dctn6/Gclc/Letm1/Uqcrc2/Dnajc15/Grpel2/Ndufc2/Cox7a2l/Wdr45b/Tomm7/Mapk9/Sdhaf4/Chchd4/Mmp9/Rrm2b/Moap1/Fundc2/Ndufs5/Tomm70a/Ndufa6/Sod2/Ndufa5/Timm10/Bcl2l2/Cox7a2/Cox17/Agtpbp1/Ndufb5/Ndufs6/Ndufaf1/Ndufaf5/Higd1a/Ndufb6/Ndufa1/Bnip3/Slirp/Slc25a46/Ndufb3/Timm23/Chchd2/Ogt/Fbxw7/Cd24a/Dnajc19",62
"BP","GO:0072594","establishment of protein localization to organelle","50/1060","374/23210",9.89564769414805e-12,2.67182487741997e-08,2.0270453066118e-08,"Tspo/Cubn/Ddit3/Agt/Timm44/Cdkn1a/Zfand2b/Cd68/Smo/Gdap1/Chp1/Ipo11/Srp9/Rab11a/Pdcd5/Uqcrc2/Dnajc15/Grpel2/Tspan17/Tomm7/Cct3/Chchd4/Moap1/Tardbp/Nup62/Ing1/Tomm70a/Cse1l/Lamp1/Ppp3ca/Rab3gap2/Vps37c/Timm10/Chmp4b/Zfand6/Mbtps1/Cct7/Cct4/Vps4a/Nup85/Srp14/Ryr2/Timm23/Fbxw7/Srp54a/Cct2/Dnajc19/Hsph1/Nupl1/Nup133",50
"BP","GO:0006914","autophagy","47/1060","386/23210",9.9751329570382e-10,1.34664294920016e-06,1.02166361759981e-06,"Gfap/Tspo/Trim30a/Nupr1/Pycard/Ddit3/Trim8/Gsk3b/Usp36/Atg5/Ubxn2a/Retreg1/Tpcn1/Tecpr1/Tmem59/Tmem173/Trim12a/Acer2/Vps11/Rab1b/Trib3/Foxk2/Emc6/Sesn3/Rb1cc1/Sec22b/Atg4b/Hspb8/Stx17/Wdr45b/Tomm7/Stx12/Mtmr9/Pafah1b2/Fundc2/Rab3gap2/Chmp4b/Eif4g2/Tollip/Vps4a/Rab1a/Ikbkg/Map2k1/Tbk1/Bnip3/Fbxw7/Vps4b",47
"BP","GO:0061919","process utilizing autophagic mechanism","47/1060","386/23210",9.9751329570382e-10,1.34664294920016e-06,1.02166361759981e-06,"Gfap/Tspo/Trim30a/Nupr1/Pycard/Ddit3/Trim8/Gsk3b/Usp36/Atg5/Ubxn2a/Retreg1/Tpcn1/Tecpr1/Tmem59/Tmem173/Trim12a/Acer2/Vps11/Rab1b/Trib3/Foxk2/Emc6/Sesn3/Rb1cc1/Sec22b/Atg4b/Hspb8/Stx17/Wdr45b/Tomm7/Stx12/Mtmr9/Pafah1b2/Fundc2/Rab3gap2/Chmp4b/Eif4g2/Tollip/Vps4a/Rab1a/Ikbkg/Map2k1/Tbk1/Bnip3/Fbxw7/Vps4b",47
"BP","GO:0006091","generation of precursor metabolites and energy","46/1060","379/23210",1.66750819124106e-09,1.43467385351015e-06,1.08845041673713e-06,"Aldoc/Nupr1/Gsk3b/Zbtb20/Stk40/Cox7a1/Grb10/Ndufv1/Hmgcl/Cavin3/Foxk2/Bdnf/Rb1cc1/Ier3/Dnajc15/Ndufc2/Cox7a2l/Sdhd/Tbrg4/Acox1/Cyb561/Sdhaf4/Chchd4/Sod2/Pdhb/Ndufa5/Cox7a2/Cox17/Oxct1/Cyb5r4/Ndufs6/Ndufaf1/Pygb/Ndufb6/Cox5a/Fastkd5/Ndufs2/Cycs/Bnip3/Ndufb3/Ppp1r2/Acat1/Eno2/Ogt/Dlat/Atp5b",46
"BP","GO:0009259","ribonucleotide metabolic process","50/1060","433/23210",1.82355690413473e-09,1.43467385351015e-06,1.08845041673713e-06,"Tspo/Aldoc/Atp2b2/Nupr1/Zbtb20/Cox7a1/Ndufv1/Hmgcl/Gtpbp1/Acsl1/Atp5l/Foxk2/Pdk1/Coasy/Bdnf/Ier3/Nudt7/Dnajc15/Atp5j2/Ndufc2/Cox7a2l/Sdhd/Atp5pb/Ctps/Gphn/Pdhb/Atp5j/Adcy2/Atp5h/Cox7a2/Pank1/Ndufs6/Ndufaf1/Ndufb6/Cox5a/Ndufs2/Atp5a1/Cycs/Map2k1/Atp5c1/Adcy9/Acat1/Scp2/Eno2/Ogt/Dlat/Paics/Atp5b/Atp1b1/Atp6v1b2",50
"BP","GO:0097193","intrinsic apoptotic signaling pathway","39/1060","292/23210",1.94489702936902e-09,1.43467385351015e-06,1.08845041673713e-06,"Bcl3/Nupr1/Sept4/Pycard/Ddit3/Mdm2/Gsk3b/Ralbp1/Hspb1/Cdkn1a/Wwox/Ptpn1/Hdac1/Trib3/Ifi204/Mlh1/Pdk1/Selenok/Hnrnpk/Ier3/Rps3/Cdip1/Jak2/Bag5/Hras/Mmp9/Rrm2b/Moap1/Dnajc10/Bcap31/Sod2/Bcl2l2/Stk24/Ikbkg/Map2k1/Bnip3/Selenos/Fbxw7/Hsph1",39
"BP","GO:0009150","purine ribonucleotide metabolic process","49/1060","423/23210",2.38511681863625e-09,1.43467385351015e-06,1.08845041673713e-06,"Tspo/Aldoc/Atp2b2/Nupr1/Zbtb20/Cox7a1/Ndufv1/Hmgcl/Gtpbp1/Acsl1/Atp5l/Foxk2/Pdk1/Coasy/Bdnf/Ier3/Nudt7/Dnajc15/Atp5j2/Ndufc2/Cox7a2l/Sdhd/Atp5pb/Gphn/Pdhb/Atp5j/Adcy2/Atp5h/Cox7a2/Pank1/Ndufs6/Ndufaf1/Ndufb6/Cox5a/Ndufs2/Atp5a1/Cycs/Map2k1/Atp5c1/Adcy9/Acat1/Scp2/Eno2/Ogt/Dlat/Paics/Atp5b/Atp1b1/Atp6v1b2",49
"BP","GO:0019693","ribose phosphate metabolic process","51/1060","450/23210",2.39112308918358e-09,1.43467385351015e-06,1.08845041673713e-06,"Tspo/Aldoc/Atp2b2/Nupr1/Zbtb20/Cox7a1/Ndufv1/Hmgcl/Gtpbp1/Nudt14/Acsl1/Atp5l/Foxk2/Pdk1/Coasy/Bdnf/Ier3/Nudt7/Dnajc15/Atp5j2/Ndufc2/Cox7a2l/Sdhd/Atp5pb/Ctps/Gphn/Pdhb/Atp5j/Adcy2/Atp5h/Cox7a2/Pank1/Ndufs6/Ndufaf1/Ndufb6/Cox5a/Ndufs2/Atp5a1/Cycs/Map2k1/Atp5c1/Adcy9/Acat1/Scp2/Eno2/Ogt/Dlat/Paics/Atp5b/Atp1b1/Atp6v1b2",51
"BP","GO:0009812","flavonoid metabolic process","8/1060","11/23210",2.69143363144543e-09,1.45337416098053e-06,1.1026378624827e-06,"Ugt1a6a/Ugt1a2/Ugt1a10/Ugt1a7c/Ugt1a5/Ugt1a9/Ugt1a6b/Ugt1a1",8
"BP","GO:1901652","response to peptide","45/1060","384/23210",7.50592455970151e-09,3.68472660203529e-06,2.79550797955582e-06,"Vim/Socs3/Erbin/Eif4ebp1/Serpina3n/Ybx1/Pxn/Ptpn11/Mdm2/Gsk3b/Mmp2/Gnai2/Agt/Fcgr2b/Anxa1/Rarres2/Grb10/Ptpn1/Trim41/Cacna2d1/Stat6/Arhgef2/Notch1/Trib3/Bcar1/Ywhag/Srsf5/Sesn3/Hnrnpk/Adipor1/Jak2/Lpin2/H2afz/Mmp9/Uso1/Pten/Leprot/Crk/Prkci/Chmp5/Ghr/Srsf3/Kat2b/Cacybp/Ogt",45
"BP","GO:2001233","regulation of apoptotic signaling pathway","47/1060","414/23210",9.61099482503017e-09,4.32494767126358e-06,3.28122735605416e-06,"Lgals3/Nupr1/Sept4/Pycard/Ddit3/Mdm2/Ctsh/Gsk3b/Ralbp1/Gnai2/Agt/Hspb1/Traf2/Wwox/Ptpn1/Hdac1/Inca1/Itgav/Bdnf/Rb1cc1/Hnrnpk/Ier3/Fam162a/Pdcd5/Gclc/Rps3/Jak2/Bag5/Mapk9/Mmp9/Rrm2b/Moap1/Bcap31/Sod2/Bcl2l2/Pten/Higd1a/Ikbkg/Prdx2/Map2k1/Bnip3/Selenos/Faim/Fbxw7/Tpd52l1/Fem1b/Hsph1",47
"BP","GO:0009141","nucleoside triphosphate metabolic process","38/1060","298/23210",1.13676592201263e-08,4.72195075297554e-06,3.58242345625357e-06,"Tspo/Aldoc/Nupr1/Zbtb20/Cox7a1/Ndufv1/Gtpbp1/Atp5l/Foxk2/Bdnf/Ier3/Dnajc15/Atp5j2/Ndufc2/Cox7a2l/Sdhd/Atp5pb/Ctps/Gphn/Rrm2b/Cmpk2/Atp5j/Atp5h/Cox7a2/Ndufs6/Ndufaf1/Ndufb6/Cox5a/Ndufs2/Atp5a1/Cycs/Map2k1/Atp5c1/Eno2/Ogt/Atp5b/Atp1b1/Atp6v1b2",38
"BP","GO:1901653","cellular response to peptide","37/1060","287/23210",1.31794090145362e-08,5.08348633417825e-06,3.85671126951691e-06,"Vim/Socs3/Eif4ebp1/Ybx1/Pxn/Ptpn11/Mdm2/Gsk3b/Gnai2/Agt/Fcgr2b/Rarres2/Grb10/Ptpn1/Trim41/Cacna2d1/Stat6/Arhgef2/Trib3/Bcar1/Ywhag/Sesn3/Hnrnpk/Adipor1/Jak2/Lpin2/H2afz/Uso1/Pten/Leprot/Crk/Prkci/Chmp5/Ghr/Srsf3/Kat2b/Ogt",37
"BP","GO:0006163","purine nucleotide metabolic process","49/1060","447/23210",1.45731459685347e-08,5.12841651822771e-06,3.89079865281526e-06,"Tspo/Aldoc/Atp2b2/Nupr1/Zbtb20/Cox7a1/Ndufv1/Hmgcl/Gtpbp1/Acsl1/Atp5l/Foxk2/Pdk1/Coasy/Bdnf/Ier3/Nudt7/Dnajc15/Atp5j2/Ndufc2/Cox7a2l/Sdhd/Atp5pb/Gphn/Pdhb/Atp5j/Adcy2/Atp5h/Cox7a2/Pank1/Ndufs6/Ndufaf1/Ndufb6/Cox5a/Ndufs2/Atp5a1/Cycs/Map2k1/Atp5c1/Adcy9/Acat1/Scp2/Eno2/Ogt/Dlat/Paics/Atp5b/Atp1b1/Atp6v1b2",49
"BP","GO:0009199","ribonucleoside triphosphate metabolic process","36/1060","276/23210",1.51953082021562e-08,5.12841651822771e-06,3.89079865281526e-06,"Tspo/Aldoc/Nupr1/Zbtb20/Cox7a1/Ndufv1/Gtpbp1/Atp5l/Foxk2/Bdnf/Ier3/Dnajc15/Atp5j2/Ndufc2/Cox7a2l/Sdhd/Atp5pb/Ctps/Gphn/Atp5j/Atp5h/Cox7a2/Ndufs6/Ndufaf1/Ndufb6/Cox5a/Ndufs2/Atp5a1/Cycs/Map2k1/Atp5c1/Eno2/Ogt/Atp5b/Atp1b1/Atp6v1b2",36
"BP","GO:0052695","cellular glucuronidation","8/1060","13/23210",1.93378950891298e-08,6.14262549890005e-06,4.66025310754756e-06,"Ugt1a6a/Ugt1a2/Ugt1a10/Ugt1a7c/Ugt1a5/Ugt1a9/Ugt1a6b/Ugt1a1",8
"BP","GO:0046034","ATP metabolic process","33/1060","247/23210",3.34518261514083e-08,9.65713017778843e-06,7.32661806080947e-06,"Tspo/Aldoc/Nupr1/Zbtb20/Cox7a1/Ndufv1/Atp5l/Foxk2/Bdnf/Ier3/Dnajc15/Atp5j2/Ndufc2/Cox7a2l/Sdhd/Atp5pb/Atp5j/Atp5h/Cox7a2/Ndufs6/Ndufaf1/Ndufb6/Cox5a/Ndufs2/Atp5a1/Cycs/Map2k1/Atp5c1/Eno2/Ogt/Atp5b/Atp1b1/Atp6v1b2",33
"BP","GO:0009205","purine ribonucleoside triphosphate metabolic process","35/1060","272/23210",3.39787913662926e-08,9.65713017778843e-06,7.32661806080947e-06,"Tspo/Aldoc/Nupr1/Zbtb20/Cox7a1/Ndufv1/Gtpbp1/Atp5l/Foxk2/Bdnf/Ier3/Dnajc15/Atp5j2/Ndufc2/Cox7a2l/Sdhd/Atp5pb/Gphn/Atp5j/Atp5h/Cox7a2/Ndufs6/Ndufaf1/Ndufb6/Cox5a/Ndufs2/Atp5a1/Cycs/Map2k1/Atp5c1/Eno2/Ogt/Atp5b/Atp1b1/Atp6v1b2",35
"BP","GO:0072521","purine-containing compound metabolic process","51/1060","490/23210",4.0641847824082e-08,1.06300717016907e-05,8.06476394989868e-06,"Tspo/Aldoc/Atp2b2/Nupr1/Zbtb20/Cox7a1/Ndufv1/Hmgcl/Gtpbp1/Acsl1/Atp5l/Foxk2/Pdk1/Coasy/Bdnf/Ier3/Nudt7/Dnajc15/Atp5j2/Ndufc2/Cox7a2l/Sdhd/Atp5pb/Mtap/Gphn/Pcmt1/Pdhb/Atp5j/Adcy2/Atp5h/Cox7a2/Pank1/Ndufs6/Ndufaf1/Ndufb6/Cox5a/Ndufs2/Atp5a1/Cycs/Map2k1/Atp5c1/Adcy9/Acat1/Scp2/Eno2/Ogt/Dlat/Paics/Atp5b/Atp1b1/Atp6v1b2",51
"BP","GO:0006063","uronic acid metabolic process","8/1060","14/23210",4.33076995254066e-08,1.06300717016907e-05,8.06476394989868e-06,"Ugt1a6a/Ugt1a2/Ugt1a10/Ugt1a7c/Ugt1a5/Ugt1a9/Ugt1a6b/Ugt1a1",8
"BP","GO:0019585","glucuronate metabolic process","8/1060","14/23210",4.33076995254066e-08,1.06300717016907e-05,8.06476394989868e-06,"Ugt1a6a/Ugt1a2/Ugt1a10/Ugt1a7c/Ugt1a5/Ugt1a9/Ugt1a6b/Ugt1a1",8
"BP","GO:0043161","proteasome-mediated ubiquitin-dependent protein catabolic process","44/1060","394/23210",4.61662521045601e-08,1.08390331028098e-05,8.22329762887634e-06,"Ubxn1/Ddit3/Mdm2/Gsk3b/Ubxn2a/Zfand2b/Cdc20/Ltn1/Fbxo4/Spsb1/Trim2/Os9/Trib3/Maea/Gclc/Bag5/Mapk9/Ube2b/Dnajc10/Bcap31/Psma5/Usp14/Kctd2/Ube2g1/March6/Jkamp/Birc2/Psma3/Ube2g2/Csnk1d/Usp7/Psma7/Socs5/Psmc6/Selenos/Ube2d3/Crbn/Taf9/Ogt/Fbxw7/Csnk1a1/Fbxw11/Psma6/Psmb4",44
"BP","GO:0009144","purine nucleoside triphosphate metabolic process","35/1060","281/23210",7.72205228839612e-08,1.72254632229617e-05,1.30685190767577e-05,"Tspo/Aldoc/Nupr1/Zbtb20/Cox7a1/Ndufv1/Gtpbp1/Atp5l/Foxk2/Bdnf/Ier3/Dnajc15/Atp5j2/Ndufc2/Cox7a2l/Sdhd/Atp5pb/Gphn/Atp5j/Atp5h/Cox7a2/Ndufs6/Ndufaf1/Ndufb6/Cox5a/Ndufs2/Atp5a1/Cycs/Map2k1/Atp5c1/Eno2/Ogt/Atp5b/Atp1b1/Atp6v1b2",35
"BP","GO:0006605","protein targeting","33/1060","256/23210",7.97475149211192e-08,1.72254632229617e-05,1.30685190767577e-05,"Erbin/Syngr2/Timm44/Zfand2b/Zdhhc12/Gdap1/Os9/Ywhag/Srp9/Pdcd5/Zdhhc14/Uqcrc2/Dnajc15/Grpel2/Tomm7/Hras/Chchd4/Ywhaq/Tomm70a/Vps37c/Timm10/Chmp4b/Zfand6/Akap12/Vps4a/Srp14/Arl6ip1/Timm23/Ogt/Fbxw7/Srp54a/Ywhae/Dnajc19",33
"BP","GO:0010498","proteasomal protein catabolic process","48/1060","459/23210",8.80716514569084e-08,1.82918045333579e-05,1.38775249987971e-05,"Ubxn1/Nupr1/Ddit3/Mdm2/Gsk3b/Ubxn2a/Zfand2b/Cdc20/Prkcg/Pkd1/Ltn1/Fbxo4/Spsb1/Trim2/Os9/Trib3/Sdf2/Maea/Gclc/Bag5/Mapk9/Ube2b/Dnajc10/Bcap31/Psma5/Usp14/Kctd2/Ube2g1/March6/Jkamp/Birc2/Psma3/Ube2g2/Csnk1d/Usp7/Psma7/Socs5/Psmc6/Selenos/Ube2d3/Crbn/Taf9/Ogt/Fbxw7/Csnk1a1/Fbxw11/Psma6/Psmb4",48
"BP","GO:0070997","neuron death","44/1060","405/23210",1.02576788323423e-07,2.05153576646847e-05,1.55644779787432e-05,"Tyrobp/Ctsz/Mt1/C1qa/Csf1/Ddit3/Gsk3b/Ralbp1/Agt/Grn/Nes/Fcgr2b/Nsmf/Retreg1/Prkcg/Chl1/Erbb3/Hdac1/Wnt5a/Smo/Chp1/Trim2/Dnajc5/Bdnf/Fam162a/Gclc/Lancl1/Jak2/Bag5/Cd200/Hras/Sod2/Chmp4b/Map2k4/Tnfrsf21/Prdx2/Prkci/Nae1/Bnip3/Ghr/Btbd10/Fbxw7/Cdc42/Hsph1",44
"BP","GO:0009167","purine ribonucleoside monophosphate metabolic process","34/1060","272/23210",1.08280832909527e-07,2.08827320611232e-05,1.58431955520256e-05,"Tspo/Aldoc/Nupr1/Zbtb20/Cox7a1/Ndufv1/Atp5l/Foxk2/Bdnf/Ier3/Dnajc15/Atp5j2/Ndufc2/Cox7a2l/Sdhd/Atp5pb/Atp5j/Atp5h/Cox7a2/Ndufs6/Ndufaf1/Ndufb6/Cox5a/Ndufs2/Atp5a1/Cycs/Map2k1/Atp5c1/Eno2/Ogt/Paics/Atp5b/Atp1b1/Atp6v1b2",34
"BP","GO:0009126","purine nucleoside monophosphate metabolic process","34/1060","273/23210",1.18378202053064e-07,2.19385232628192e-05,1.66441973760024e-05,"Tspo/Aldoc/Nupr1/Zbtb20/Cox7a1/Ndufv1/Atp5l/Foxk2/Bdnf/Ier3/Dnajc15/Atp5j2/Ndufc2/Cox7a2l/Sdhd/Atp5pb/Atp5j/Atp5h/Cox7a2/Ndufs6/Ndufaf1/Ndufb6/Cox5a/Ndufs2/Atp5a1/Cycs/Map2k1/Atp5c1/Eno2/Ogt/Paics/Atp5b/Atp1b1/Atp6v1b2",34
"BP","GO:0006457","protein folding","24/1060","153/23210",1.2188068479344e-07,2.19385232628192e-05,1.66441973760024e-05,"Grn/Hspb1/Unc45a/Fkbp4/Calr/Dnajc5/Emc6/Pdcd5/Grpel2/Bag5/Cct3/Dffa/Hspe1/Chchd4/Mkks/Dnajc10/Cct7/Cct4/Emc4/Canx/Vbp1/Cct2/Hsph1/Chordc1",24
"BP","GO:0009161","ribonucleoside monophosphate metabolic process","34/1060","276/23210",1.54202083232655e-07,2.68610080469786e-05,2.03787608808656e-05,"Tspo/Aldoc/Nupr1/Zbtb20/Cox7a1/Ndufv1/Atp5l/Foxk2/Bdnf/Ier3/Dnajc15/Atp5j2/Ndufc2/Cox7a2l/Sdhd/Atp5pb/Atp5j/Atp5h/Cox7a2/Ndufs6/Ndufaf1/Ndufb6/Cox5a/Ndufs2/Atp5a1/Cycs/Map2k1/Atp5c1/Eno2/Ogt/Paics/Atp5b/Atp1b1/Atp6v1b2",34
"BP","GO:0007052","mitotic spindle organization","19/1060","105/23210",2.56229268530539e-07,4.32386890645284e-05,3.28040892473966e-05,"Parp3/Ralbp1/Ptpa/Arhgef10/Cdc20/Psrc1/Pkd1/Gnai1/Spast/Wrap73/Tacc2/Rab11a/Dctn6/Smc3/Nup62/Chmp4b/Chmp5/Kif2a/Vps4b",19
"BP","GO:0009123","nucleoside monophosphate metabolic process","34/1060","285/23210",3.31792059831431e-07,5.42932461542341e-05,4.11908994214969e-05,"Tspo/Aldoc/Nupr1/Zbtb20/Cox7a1/Ndufv1/Atp5l/Foxk2/Bdnf/Ier3/Dnajc15/Atp5j2/Ndufc2/Cox7a2l/Sdhd/Atp5pb/Atp5j/Atp5h/Cox7a2/Ndufs6/Ndufaf1/Ndufb6/Cox5a/Ndufs2/Atp5a1/Cycs/Map2k1/Atp5c1/Eno2/Ogt/Paics/Atp5b/Atp1b1/Atp6v1b2",34
"BP","GO:1901214","regulation of neuron death","40/1060","368/23210",3.82496258584189e-07,6.0749405775136e-05,4.60890228609804e-05,"Tyrobp/Ctsz/Mt1/C1qa/Csf1/Ddit3/Gsk3b/Ralbp1/Agt/Grn/Nes/Fcgr2b/Nsmf/Retreg1/Prkcg/Chl1/Erbb3/Hdac1/Wnt5a/Smo/Chp1/Trim2/Dnajc5/Bdnf/Gclc/Lancl1/Jak2/Cd200/Hras/Sod2/Chmp4b/Map2k4/Prdx2/Prkci/Nae1/Ghr/Btbd10/Fbxw7/Cdc42/Hsph1",40
"BP","GO:1902850","microtubule cytoskeleton organization involved in mitosis","21/1060","130/23210",4.47413132447311e-07,6.90294547204422e-05,5.23708845559378e-05,"Parp3/Ralbp1/Ptpa/Pafah1b1/Arhgef10/Cdc20/Psrc1/Pkd1/Arhgef2/Gnai1/Spast/Wrap73/Tacc2/Rab11a/Dctn6/Smc3/Nup62/Chmp4b/Chmp5/Kif2a/Vps4b",21
"BP","GO:0006979","response to oxidative stress","42/1060","400/23210",5.0200441990689e-07,7.53006629860335e-05,5.71286901250765e-05,"Foxp1/Ralbp1/Mmp2/Hspb1/Traf2/Anxa1/Mtf1/Hdac1/Stat6/Prdx6/Pde8a/Itgav/Lonp1/Bcar1/Pdk1/Selenok/Sesn3/Gclc/Rps3/Lancl1/Jak2/Bag5/Mapk9/Top2b/Chchd4/Mmp9/Rrm2b/Ndufa6/Sod2/Crk/Stk24/Glrx2/Prdx2/Ndufs2/Slc8a1/Map2k1/Bnip3/Selenos/Rnf146/Chd6/Fbxw7/Hsph1",42
"BP","GO:0006611","protein export from nucleus","20/1060","121/23210",5.73144171278114e-07,7.97765929098654e-05,6.0524463860662e-05,"Rapgef3/Ptpn11/Mdm2/Gsk3b/Ddx39/Pcid2/Pkd1/Thoc2/Chp1/Calr/Ddx19b/Chchd4/Cse1l/Nup85/Riok2/Thoc7/Xpo7/Srsf3/Ywhae/Nup133",20
"BP","GO:0072655","establishment of protein localization to mitochondrion","17/1060","90/23210",5.76164282126806e-07,7.97765929098654e-05,6.0524463860662e-05,"Tspo/Ddit3/Timm44/Gdap1/Pdcd5/Uqcrc2/Dnajc15/Grpel2/Tomm7/Chchd4/Moap1/Tomm70a/Timm10/Timm23/Fbxw7/Dnajc19/Hsph1",17
"BP","GO:1902600","proton transmembrane transport","17/1060","90/23210",5.76164282126806e-07,7.97765929098654e-05,6.0524463860662e-05,"Rapgef3/Chp1/Slc46a1/Hvcn1/Atp5l/Clcn3/Atp5pb/Atp5j/Atp5h/Cox17/Atp6v0e2/Atp5a1/Atp5c1/Atp5b/Atp6v1b2/Tesc/Atp1a1",17
"BP","GO:0051402","neuron apoptotic process","34/1060","293/23210",6.3487032347517e-07,8.5707493669148e-05,6.5024086814878e-05,"Tyrobp/Ctsz/Mt1/Ddit3/Gsk3b/Ralbp1/Agt/Grn/Nes/Nsmf/Retreg1/Prkcg/Chl1/Erbb3/Hdac1/Smo/Trim2/Dnajc5/Bdnf/Fam162a/Gclc/Lancl1/Jak2/Hras/Sod2/Map2k4/Tnfrsf21/Prdx2/Prkci/Nae1/Bnip3/Fbxw7/Cdc42/Hsph1",34
"BP","GO:0006839","mitochondrial transport","25/1060","179/23210",6.51848996097202e-07,8.58532824128023e-05,6.5134693011818e-05,"Gsk3b/Timm44/Slc25a28/Gdap1/Ier3/Pdcd5/Gclc/Letm1/Uqcrc2/Dnajc15/Grpel2/Tomm7/Slc25a29/Chchd4/Moap1/Tomm70a/Timm10/Bcl2l2/Slc25a15/Slc25a14/Bnip3/Timm23/Fbxw7/Atp5b/Dnajc19",25
"BP","GO:0034599","cellular response to oxidative stress","32/1060","268/23210",7.16202324199496e-07,9.20831559685067e-05,6.98611389920912e-05,"Foxp1/Ralbp1/Mmp2/Hspb1/Traf2/Anxa1/Hdac1/Stat6/Prdx6/Pde8a/Lonp1/Bcar1/Pdk1/Rps3/Lancl1/Jak2/Bag5/Mapk9/Top2b/Chchd4/Mmp9/Sod2/Crk/Stk24/Prdx2/Slc8a1/Bnip3/Selenos/Rnf146/Chd6/Fbxw7/Hsph1",32
"BP","GO:0001667","ameboidal-type cell migration","42/1060","406/23210",7.45849480211726e-07,9.36648184451935e-05,7.10611059237218e-05,"Rhoj/Sdc4/Pxn/Ptpn11/Ctsh/Hbegf/Scarb1/Hdac5/Agt/Grn/Sema3b/Sox10/Hspb1/Anxa1/Pafah1b1/Ceacam1/Sema4d/Sema4b/Efnb1/Klf4/Wnt5a/Smo/Calr/Itgav/Notch1/Map3k3/Prkx/Bcar1/Adipor1/Rab11a/Fgf1/Mmp9/Akap12/Pten/Pdcd6/Pfn2/Atp5a1/Slc8a1/Strap/Fbxw7/Atp5b/Zfand5",42
"BP","GO:0051168","nuclear export","21/1060","135/23210",8.50771232823709e-07,0.000102174454540022,7.75171495262705e-05,"Rapgef3/Ptpn11/Mdm2/Gsk3b/Ddx39/Pcid2/Pkd1/Thoc2/Chp1/Calr/Ddx19b/Khdrbs1/Chchd4/Cse1l/Nup85/Riok2/Thoc7/Xpo7/Srsf3/Ywhae/Nup133",21
"BP","GO:0071375","cellular response to peptide hormone stimulus","30/1060","244/23210",8.51453787833521e-07,0.000102174454540022,7.75171495262705e-05,"Socs3/Eif4ebp1/Ybx1/Pxn/Ptpn11/Gsk3b/Gnai2/Agt/Rarres2/Grb10/Ptpn1/Stat6/Trib3/Bcar1/Ywhag/Sesn3/Hnrnpk/Adipor1/Jak2/Lpin2/H2afz/Uso1/Pten/Leprot/Crk/Prkci/Ghr/Srsf3/Kat2b/Ogt",30
"BP","GO:0045860","positive regulation of protein kinase activity","44/1060","438/23210",9.12239239019578e-07,0.000107088954145777,8.12456548801876e-05,"Ccnd2/Sdc4/Csf1r/Slc11a1/Pxn/Gadd45b/Ptpn11/Csf1/Agt/Chil1/Il6ra/Cdkn1a/Traf2/Ceacam1/Dag1/Ptpn1/Psrc1/Ccnd1/Erbb3/Pkd1/Ighm/Wnt5a/Neurl1a/Map3k3/Acsl1/Rap1a/Lamtor3/Rps3/Jak2/Hras/Fgf1/Map2k4/Stk24/Stk39/Higd1a/Mmd/Ikbkg/Prdx2/Map2k1/Ghr/Fbxw7/Tpd52l1/Cd24a/Hsph1",44
"BP","GO:0033157","regulation of intracellular protein transport","27/1060","210/23210",1.24444062586732e-06,0.000142978284674118,0.000108473973479857,"Rapgef3/Ptpn11/Mdm2/Gsk3b/B3gat3/Ptpn1/Thoc2/Smo/Chp1/Os9/Asph/Rufy3/Pdcd5/Tomm7/Hras/Chchd4/Tardbp/Nup62/Bcap31/Lcp1/Ube2g2/Riok2/Ogt/Fbxw7/Cdc42/Ywhae/Nupl1",27
"BP","GO:0070585","protein localization to mitochondrion","17/1060","95/23210",1.27543576569004e-06,0.00014348652364013,0.000108859561404949,"Tspo/Ddit3/Timm44/Gdap1/Pdcd5/Uqcrc2/Dnajc15/Grpel2/Tomm7/Chchd4/Moap1/Tomm70a/Timm10/Timm23/Fbxw7/Dnajc19/Hsph1",17
"BP","GO:0007033","vacuole organization","23/1060","162/23210",1.35309851325458e-06,0.000149116979011729,0.000113131244115721,"Hexb/Nupr1/Hexa/Atg5/Grn/Ubxn2a/Tmem173/Vps11/Rab1b/Emc6/Rb1cc1/Sec22b/Atg4b/Stx17/Wdr45b/Stx12/Rab3gap2/Chmp4b/Mbtps1/Vps4a/Rab1a/Chmp5/Vps4b",23
"BP","GO:0043523","regulation of neuron apoptotic process","31/1060","264/23210",1.52235303792027e-06,0.000164414128095389,0.000124736800496541,"Tyrobp/Ctsz/Mt1/Ddit3/Gsk3b/Ralbp1/Agt/Grn/Nes/Nsmf/Retreg1/Prkcg/Chl1/Erbb3/Hdac1/Smo/Trim2/Dnajc5/Bdnf/Gclc/Lancl1/Jak2/Hras/Sod2/Map2k4/Prdx2/Prkci/Nae1/Fbxw7/Cdc42/Hsph1",31
"BP","GO:0007051","spindle organization","23/1060","165/23210",1.86908767708759e-06,0.000197903401103392,0.000150144256743548,"Parp3/Ralbp1/Ptpa/Arhgef10/Cdc20/Psrc1/Pkd1/Mlh1/Gnai1/Spast/Wrap73/Tacc2/Rab11a/Dctn6/Rps3/Smc3/Mapre1/Nup62/Chmp4b/Csnk1d/Chmp5/Kif2a/Vps4b",23
"BP","GO:0009896","positive regulation of catabolic process","42/1060","422/23210",2.04138852052694e-06,0.000211990346362413,0.000160831662386455,"Apc2/Trim30a/Nupr1/Ddit3/Mdm2/Trim8/Gsk3b/Zbtb20/Tpcn1/Ptpn1/Tmem59/Tmem173/Gtpbp1/Wnt5a/Vps11/Pabpc1/Zfp36l2/Trib3/Sesn3/Ier3/Sec22b/Atg4b/Hspb8/Gclc/Tomm7/Polr2g/Mapk9/Pafah1b2/Bcap31/Rab3gap2/Rdx/Pten/Csnk1d/Cnot7/Ikbkg/Socs5/Map2k1/Tbk1/Bnip3/Nsf/Fbxw7/Csnk1a1",42
"BP","GO:0042063","gliogenesis","35/1060","323/23210",2.16241868745921e-06,0.000220321904005278,0.00016715260241492,"Vim/Gfap/Nfix/Tspo/Csf1r/Hexb/Ptpn11/C1qa/Csf1/Id4/Agt/Arhgef7/Gap43/Nkx6-2/Grn/Sox10/Anxa1/Pafah1b1/Arhgef10/Dag1/Dusp15/Myrf/Erbb3/Hdac1/Lgi4/Smo/Slc45a3/Notch1/Mbd1/Hes5/Pten/Tnfrsf21/Prkci/Map2k1/Ndn",35
"BP","GO:0009260","ribonucleotide biosynthetic process","28/1060","232/23210",2.82216377675589e-06,0.000282216377675589,0.000214110359047445,"Aldoc/Nupr1/Zbtb20/Acsl1/Atp5l/Foxk2/Pdk1/Coasy/Ier3/Atp5j2/Ndufc2/Atp5pb/Ctps/Pdhb/Atp5j/Adcy2/Atp5h/Pank1/Atp5a1/Map2k1/Atp5c1/Adcy9/Acat1/Eno2/Ogt/Dlat/Paics/Atp5b",28
"BP","GO:0016236","macroautophagy","25/1060","194/23210",2.92452506570971e-06,0.000287135188269681,0.000217842135038128,"Nupr1/Usp36/Atg5/Ubxn2a/Retreg1/Tecpr1/Tmem173/Rab1b/Emc6/Sesn3/Rb1cc1/Sec22b/Atg4b/Hspb8/Stx17/Wdr45b/Tomm7/Stx12/Pafah1b2/Rab3gap2/Chmp4b/Rab1a/Ikbkg/Tbk1/Bnip3",25
"BP","GO:0002683","negative regulation of immune system process","45/1060","473/23210",2.99750759929101e-06,0.000289045375645918,0.000219291345421816,"Lgals3/Tyrobp/Erbin/Sdc4/C1qc/Parp3/Trim30a/Klf13/Tmem176a/Mertk/Cst7/Grn/Fcer1g/Fcgr2b/Anxa1/Ceacam1/Zfpm1/Cd68/Slamf1/Hoxa9/A2m/Stat6/Emilin1/Gcsam/Notch1/Twsg1/Irf3/Irf4/Hes5/Phpt1/Wdr61/Hoxb8/Cd200/Thy1/Otud4/Crk/Cnot7/Tnfrsf21/Prdx2/Socs5/Selenos/Bcl6/Fbxw7/Cd24a/Psmb4",45
"BP","GO:0098696","regulation of neurotransmitter receptor localization to postsynaptic specialization membrane","7/1060","16/23210",3.23328454778381e-06,0.000306206911918586,0.000232311364753828,"Magi2/Gsk3b/Dag1/Rap1a/Hras/Kalrn/Map2k1",7
"BP","GO:0010506","regulation of autophagy","29/1060","247/23210",3.28888905394037e-06,0.000306206911918586,0.000232311364753828,"Gfap/Tspo/Nupr1/Pycard/Ddit3/Trim8/Gsk3b/Usp36/Tpcn1/Tmem59/Tmem173/Acer2/Rab1b/Trib3/Foxk2/Sesn3/Sec22b/Hspb8/Tomm7/Mtmr9/Pafah1b2/Rab3gap2/Chmp4b/Eif4g2/Ikbkg/Map2k1/Tbk1/Bnip3/Fbxw7",29
"BP","GO:0033674","positive regulation of kinase activity","45/1060","476/23210",3.54154403054227e-06,0.000311767912338623,0.000236530353766456,"Ccnd2/Sdc4/Csf1r/Slc11a1/Pxn/Gadd45b/Ptpn11/Csf1/Agt/Chil1/Il6ra/Cdkn1a/Traf2/Ceacam1/Dag1/Ptpn1/Psrc1/Ccnd1/Erbb3/Pkd1/Ighm/Wnt5a/Neurl1a/Map3k3/Acsl1/Rap1a/Lamtor3/Rps3/Jak2/Hras/Fgf1/Map2k4/Stk24/Stk39/Higd1a/Mmd/Ikbkg/Prdx2/Map2k1/Ghr/Fbxw7/Tpd52l1/Cd24a/Cdc42/Hsph1",45
"BP","GO:0031647","regulation of protein stability","31/1060","275/23210",3.60049581233222e-06,0.000311767912338623,0.000236530353766456,"Tyrobp/Pycard/Mdm2/Ctsh/Usp36/Grn/Fbxo4/Smo/Chp1/Asph/Calr/Tomm7/Bag5/Cct3/Stx12/Mtmr9/Crebbp/Ube2b/Tardbp/Lamp1/Pten/Cct7/Cct4/Usp7/Pfn2/Taf9/Fbxw7/Fbxw11/Atp1b1/Cct2/Tesc",31
"BP","GO:1904705","regulation of vascular smooth muscle cell proliferation","12/1060","53/23210",3.63968828264827e-06,0.000311767912338623,0.000236530353766456,"Mdm2/Mmp2/Gnai2/Agt/P2ry6/Cdkn1a/Rgs5/Jak2/Mmp9/Sod2/Pten/Bmpr1a",12
"BP","GO:1990874","vascular smooth muscle cell proliferation","12/1060","53/23210",3.63968828264827e-06,0.000311767912338623,0.000236530353766456,"Mdm2/Mmp2/Gnai2/Agt/P2ry6/Cdkn1a/Rgs5/Jak2/Mmp9/Sod2/Pten/Bmpr1a",12
"BP","GO:0006913","nucleocytoplasmic transport","32/1060","289/23210",3.6950271091985e-06,0.000311767912338623,0.000236530353766456,"Rapgef3/Ptpn11/Mdm2/Gsk3b/Agt/Cdkn1a/Ddx39/Pcid2/Pkd1/Thoc2/Smo/Chp1/Calr/Ipo11/Ddx19b/Ier3/Khdrbs1/Chchd4/Tardbp/Nup62/Ing1/Cse1l/Ppp3ca/Mbtps1/Nup85/Riok2/Thoc7/Xpo7/Srsf3/Ywhae/Nupl1/Nup133",32
"BP","GO:0051169","nuclear transport","32/1060","289/23210",3.6950271091985e-06,0.000311767912338623,0.000236530353766456,"Rapgef3/Ptpn11/Mdm2/Gsk3b/Agt/Cdkn1a/Ddx39/Pcid2/Pkd1/Thoc2/Smo/Chp1/Calr/Ipo11/Ddx19b/Ier3/Khdrbs1/Chchd4/Tardbp/Nup62/Ing1/Cse1l/Ppp3ca/Mbtps1/Nup85/Riok2/Thoc7/Xpo7/Srsf3/Ywhae/Nupl1/Nup133",32
"BP","GO:0009152","purine ribonucleotide biosynthetic process","27/1060","223/23210",3.97443620053311e-06,0.000330183930505827,0.000250502116477326,"Aldoc/Nupr1/Zbtb20/Acsl1/Atp5l/Foxk2/Pdk1/Coasy/Ier3/Atp5j2/Ndufc2/Atp5pb/Pdhb/Atp5j/Adcy2/Atp5h/Pank1/Atp5a1/Map2k1/Atp5c1/Adcy9/Acat1/Eno2/Ogt/Dlat/Paics/Atp5b",27
"BP","GO:0046390","ribose phosphate biosynthetic process","28/1060","239/23210",5.03458828653908e-06,0.000411920859807743,0.000312513837499364,"Aldoc/Nupr1/Zbtb20/Acsl1/Atp5l/Foxk2/Pdk1/Coasy/Ier3/Atp5j2/Ndufc2/Atp5pb/Ctps/Pdhb/Atp5j/Adcy2/Atp5h/Pank1/Atp5a1/Map2k1/Atp5c1/Adcy9/Acat1/Eno2/Ogt/Dlat/Paics/Atp5b",28
"BP","GO:0010631","epithelial cell migration","31/1060","280/23210",5.22647644318187e-06,0.00042123839989824,0.000319582817232739,"Rhoj/Pxn/Ptpn11/Ctsh/Hbegf/Scarb1/Hdac5/Agt/Grn/Hspb1/Anxa1/Ceacam1/Klf4/Wnt5a/Calr/Itgav/Notch1/Map3k3/Prkx/Bcar1/Adipor1/Rab11a/Fgf1/Mmp9/Pten/Pdcd6/Pfn2/Atp5a1/Strap/Fbxw7/Atp5b",31
"BP","GO:0007264","small GTPase mediated signal transduction","45/1060","485/23210",5.77324396111389e-06,0.000458463491029632,0.000347824543291877,"Rhoj/Rapgef3/Myo9b/Rhou/Rgl2/Csf1/Plekhg2/Nisch/Ralbp1/Gna13/Arhgef7/Rasa2/Timp2/Rab40c/Arhgef10/Arhgef2/Bcar3/Notch1/Rab1b/Rasa4/Sipa1l2/Fgd3/Rab11a/Rap1a/Cgnl1/Rab21/Arpp19/Hras/Ywhaq/Nup62/Rap2a/Trio/Rabl3/Uso1/Wasf1/Rit2/Crk/Kalrn/Rab1a/Map2k1/Bcl6/Ralgps2/Ogt/Cdc42/G3bp2",45
"BP","GO:0090132","epithelium migration","31/1060","282/23210",6.04780755372755e-06,0.000469080136673075,0.000355879121234232,"Rhoj/Pxn/Ptpn11/Ctsh/Hbegf/Scarb1/Hdac5/Agt/Grn/Hspb1/Anxa1/Ceacam1/Klf4/Wnt5a/Calr/Itgav/Notch1/Map3k3/Prkx/Bcar1/Adipor1/Rab11a/Fgf1/Mmp9/Pten/Pdcd6/Pfn2/Atp5a1/Strap/Fbxw7/Atp5b",31
"BP","GO:0043434","response to peptide hormone","34/1060","324/23210",6.08066843835468e-06,0.000469080136673075,0.000355879121234232,"Socs3/Eif4ebp1/Serpina3n/Ybx1/Pxn/Ptpn11/Gsk3b/Gnai2/Agt/Anxa1/Rarres2/Grb10/Ptpn1/Stat6/Trib3/Bcar1/Ywhag/Srsf5/Sesn3/Hnrnpk/Adipor1/Jak2/Lpin2/H2afz/Uso1/Pten/Leprot/Crk/Prkci/Ghr/Srsf3/Kat2b/Cacybp/Ogt",34
"BP","GO:0022900","electron transport chain","15/1060","85/23210",6.35710765028306e-06,0.000483498328331387,0.000366817835061552,"Ndufv1/Bdnf/Dnajc15/Ndufc2/Sdhd/Cyb561/Sod2/Ndufa5/Ndufs6/Ndufaf1/Ndufb6/Cox5a/Ndufs2/Cycs/Ndufb3",15
"BP","GO:1903829","positive regulation of cellular protein localization","32/1060","297/23210",6.55871500825676e-06,0.000491903625619257,0.000373194719475663,"Lgals3/Tyrobp/Rapgef3/Mdm2/Trim8/Gsk3b/Fcer1g/B3gat3/Smo/Asph/Cenpq/Gnai1/Hnrnpk/Rufy3/Rab11a/Pdcd5/Tomm7/Cct3/Hras/Tardbp/Nup62/Bcap31/Rdx/Cct7/Cct4/Riok2/Prkci/Ogt/Fbxw7/Cdc42/Cct2/Ywhae",32
"BP","GO:0090130","tissue migration","31/1060","284/23210",6.98607400784709e-06,0.000514098287686881,0.000390033242822093,"Rhoj/Pxn/Ptpn11/Ctsh/Hbegf/Scarb1/Hdac5/Agt/Grn/Hspb1/Anxa1/Ceacam1/Klf4/Wnt5a/Calr/Itgav/Notch1/Map3k3/Prkx/Bcar1/Adipor1/Rab11a/Fgf1/Mmp9/Pten/Pdcd6/Pfn2/Atp5a1/Strap/Fbxw7/Atp5b",31
"BP","GO:1902683","regulation of receptor localization to synapse","8/1060","24/23210",7.04505060904244e-06,0.000514098287686881,0.000390033242822093,"Tyrobp/Magi2/Gsk3b/Dag1/Rap1a/Hras/Kalrn/Map2k1",8
"BP","GO:0044772","mitotic cell cycle phase transition","36/1060","356/23210",7.56304397124097e-06,0.00054453916592935,0.000413127959804489,"Ccnd2/Eif4ebp1/Brd4/Rhou/Mdm2/Id4/Cdkn1a/Anxa1/Ccnd1/Pcid2/Pkd1/Klf4/Zfp36l2/Rbbp8/Kcna5/Spast/Ier3/Rab11a/Arpp19/Crebbp/Eif4e/Ppp3ca/Cks1b/Chmp4b/Rdx/Pten/Vps4a/Ik/Calm2/Calm1/Calm3/Riok2/Nae1/Tpd52l1/Rpl17/Vps4b",36
"BP","GO:0006119","oxidative phosphorylation","16/1060","97/23210",7.79491346448896e-06,0.000553849114582111,0.000420191180107909,"Nupr1/Cox7a1/Ndufv1/Bdnf/Dnajc15/Ndufc2/Cox7a2l/Sdhd/Cox7a2/Ndufs6/Ndufaf1/Ndufb6/Cox5a/Ndufs2/Cycs/Atp5b",16
"BP","GO:0022411","cellular component disassembly","36/1060","357/23210",8.05077566679531e-06,0.000560259625838491,0.00042505467129891,"C1qb/Tspo/C1qc/Apc2/C3/C1qa/Add3/Atg5/Lamc1/Pafah1b1/Add1/Retreg1/Tecpr1/Pbrm1/Etf1/Tmem173/Arhgef2/Asph/Spast/Rb1cc1/Stx17/Wdr45b/Mcts1/Tomm7/Dffa/Fundc2/Lcp1/Camsap1/Rdx/Vps4a/Bnip3/Nsf/Fbxw7/Cd24a/Vps4b/Klc1",36
"BP","GO:0072522","purine-containing compound biosynthetic process","28/1060","245/23210",8.09263903988932e-06,0.000560259625838491,0.00042505467129891,"Aldoc/Nupr1/Zbtb20/Acsl1/Atp5l/Foxk2/Pdk1/Coasy/Ier3/Atp5j2/Ndufc2/Atp5pb/Mtap/Pdhb/Atp5j/Adcy2/Atp5h/Pank1/Atp5a1/Map2k1/Atp5c1/Adcy9/Acat1/Eno2/Ogt/Dlat/Paics/Atp5b",28
"BP","GO:0010721","negative regulation of cell development","38/1060","387/23210",8.44924130930887e-06,0.000574907738816586,0.000436167820560264,"Vim/Gfap/Tspo/Ctsz/Foxp1/Mdm2/Id4/Gsk3b/Nkx6-2/Sema3b/Sox10/Pafah1b1/Sema4d/Sema4b/Wnt5a/Arhgef2/Thoc2/Calr/Notch1/Bcar1/Mbd1/Hes5/Bdnf/Rufy3/Bag5/Hey1/Thy1/Spock1/Tomm70a/Eif4e/Ppp3ca/Pten/Rit2/Bmpr1a/Ywhah/Dpysl3/Fbxw7/Cd24a",38
"BP","GO:0032869","cellular response to insulin stimulus","24/1060","193/23210",8.51715168617164e-06,0.000574907738816586,0.000436167820560264,"Socs3/Eif4ebp1/Ybx1/Ptpn11/Gsk3b/Gnai2/Agt/Rarres2/Grb10/Ptpn1/Trib3/Bcar1/Ywhag/Sesn3/Hnrnpk/Adipor1/Lpin2/H2afz/Uso1/Pten/Prkci/Srsf3/Kat2b/Ogt",24
"BP","GO:0048659","smooth muscle cell proliferation","22/1060","168/23210",8.71604910159478e-06,0.000581069940106319,0.000440842925320428,"Tgm2/Mdm2/Hbegf/Gsk3b/Ralbp1/Mmp2/Gnai2/Agt/Il6ra/Comt/P2ry6/Cdkn1a/Klf4/Rgs5/Hes5/Jak2/Mmp9/Sod2/Naa35/Pten/Kalrn/Bmpr1a",22
"BP","GO:0050821","protein stabilization","22/1060","169/23210",9.59594888134235e-06,0.000624314746496972,0.000473651655626943,"Tyrobp/Usp36/Grn/Smo/Chp1/Calr/Bag5/Cct3/Stx12/Mtmr9/Ube2b/Lamp1/Pten/Cct7/Cct4/Usp7/Pfn2/Taf9/Fbxw7/Atp1b1/Cct2/Tesc",22
"BP","GO:2001242","regulation of intrinsic apoptotic signaling pathway","22/1060","169/23210",9.59594888134235e-06,0.000624314746496972,0.000473651655626943,"Nupr1/Sept4/Pycard/Ddit3/Mdm2/Ralbp1/Hspb1/Ptpn1/Hdac1/Hnrnpk/Rps3/Bag5/Mmp9/Rrm2b/Bcap31/Sod2/Bcl2l2/Ikbkg/Map2k1/Selenos/Fbxw7/Hsph1",22
"BP","GO:0033002","muscle cell proliferation","27/1060","234/23210",9.78686431311294e-06,0.000629155562985832,0.000477324259481649,"Foxp1/Tgm2/Mdm2/Hbegf/Gsk3b/Ralbp1/Mmp2/Gnai2/Agt/Il6ra/Comt/P2ry6/Cdkn1a/Jarid2/Klf4/Notch1/Rgs5/Hes5/Jak2/Fgf1/Mmp9/Sod2/Naa35/Pten/Akirin1/Kalrn/Bmpr1a",27
"BP","GO:0051961","negative regulation of nervous system development","36/1060","361/23210",1.03052258692e-05,0.000654684937572709,0.00049669274406101,"Vim/Gfap/Tspo/Ctsz/Mdm2/Id4/Gsk3b/Nkx6-2/Sema3b/Sox10/Pafah1b1/Sema4d/Sema4b/Wnt5a/Arhgef2/Thoc2/Calr/Notch1/Mbd1/Hes5/Bdnf/Hnrnpk/Rufy3/Bag5/Hey1/Thy1/Spock1/Eif4e/Ppp3ca/Pten/Rit2/Bmpr1a/Tnfrsf21/Ywhah/Dpysl3/Cd24a",36
"BP","GO:2001235","positive regulation of apoptotic signaling pathway","23/1060","183/23210",1.09274726875041e-05,0.000686143633866535,0.000520559653607905,"Nupr1/Sept4/Pycard/Ddit3/Ctsh/Gsk3b/Ralbp1/Agt/Traf2/Wwox/Inca1/Fam162a/Pdcd5/Rps3/Jak2/Mapk9/Mmp9/Moap1/Bcap31/Pten/Bnip3/Fbxw7/Tpd52l1",23
"BP","GO:0017038","protein import","25/1060","209/23210",1.10652213696976e-05,0.000686806843636401,0.000521062813924536,"Cubn/Agt/Timm44/Cdkn1a/Smo/Chp1/Ipo11/Pdcd5/Dnajc15/Grpel2/Tomm7/Chchd4/Tardbp/Nup62/Ing1/Tomm70a/Cse1l/Ppp3ca/Timm10/Mbtps1/Nup85/Timm23/Dnajc19/Nupl1/Nup133",25
"BP","GO:0010632","regulation of epithelial cell migration","26/1060","225/23210",1.38369275866279e-05,0.000849084192815801,0.000644178494822436,"Rhoj/Ctsh/Hbegf/Hdac5/Agt/Grn/Hspb1/Anxa1/Ceacam1/Klf4/Wnt5a/Calr/Notch1/Map3k3/Bcar1/Adipor1/Rab11a/Fgf1/Mmp9/Pten/Pdcd6/Pfn2/Atp5a1/Strap/Fbxw7/Atp5b",26
"BP","GO:0050768","negative regulation of neurogenesis","34/1060","337/23210",1.40911340616124e-05,0.000854967684637155,0.000648642149826084,"Vim/Gfap/Tspo/Ctsz/Mdm2/Id4/Gsk3b/Nkx6-2/Sema3b/Sox10/Pafah1b1/Sema4d/Sema4b/Wnt5a/Arhgef2/Thoc2/Calr/Notch1/Mbd1/Hes5/Bdnf/Rufy3/Bag5/Hey1/Thy1/Spock1/Eif4e/Ppp3ca/Pten/Rit2/Bmpr1a/Ywhah/Dpysl3/Cd24a",34
"BP","GO:0071900","regulation of protein serine/threonine kinase activity","40/1060","427/23210",1.5055156916682e-05,0.000903309415000919,0.000685317786195629,"Ccnd2/Csf1r/Pxn/Gadd45b/Ptpn11/Pycard/Gsk3b/Ccnl1/Agt/Dusp7/Cdkn1a/Traf2/Ceacam1/Ptpn1/Psrc1/Ccnd1/Pkd1/Ighm/Wnt5a/Inca1/Acsl1/Trib3/Lamtor3/Rps3/Jak2/Hras/Fgf1/Nup62/Thy1/Map2k4/Pten/Stk39/Higd1a/Prdx2/Map2k1/Ghr/Kat2b/Tpd52l1/Cd24a/Chordc1",40
"BP","GO:0006164","purine nucleotide biosynthetic process","27/1060","240/23210",1.55490138712629e-05,0.000922688735217798,0.000700020381572646,"Aldoc/Nupr1/Zbtb20/Acsl1/Atp5l/Foxk2/Pdk1/Coasy/Ier3/Atp5j2/Ndufc2/Atp5pb/Pdhb/Atp5j/Adcy2/Atp5h/Pank1/Atp5a1/Map2k1/Atp5c1/Adcy9/Acat1/Eno2/Ogt/Dlat/Paics/Atp5b",27
"BP","GO:0072384","organelle transport along microtubule","14/1060","81/23210",1.64565912983699e-05,0.00096402089275904,0.000731378034038633,"Kif1b/Bicd2/Pafah1b1/Ap3b2/Spast/Dync1i1/Lamp1/Wasf1/Actr10/Copg2/Bloc1s5/Rab1a/Map2k1/Cdc42",14
"BP","GO:0016569","covalent chromatin modification","41/1060","444/23210",1.66025820419612e-05,0.00096402089275904,0.000731378034038633,"Brd4/Kmt2c/Trip12/Hdac5/Usp36/Resf1/Atg5/Airn/Ing4/Kdm5a/Tet1/Hdac1/Kmt2a/Jarid2/Znhit1/Dnmt3a/BC004004/Hr/Mbd1/Irf4/Wdr61/Yeats4/Elk4/Jak2/Crebbp/Ube2b/Dpy30/Rnf8/Pim3/Epc1/Trim37/Usp7/Hopx/Ncoa1/Mphosph8/Jmjd1c/Bcl6/Kat2b/Taf9/Ogt/Nap1l2",41
"BP","GO:0031331","positive regulation of cellular catabolic process","35/1060","355/23210",1.73686484509172e-05,0.000997773421648434,0.000756985215800333,"Nupr1/Ddit3/Mdm2/Trim8/Gsk3b/Zbtb20/Tpcn1/Ptpn1/Tmem59/Tmem173/Gtpbp1/Vps11/Pabpc1/Zfp36l2/Trib3/Sesn3/Hspb8/Gclc/Tomm7/Polr2g/Mapk9/Pafah1b2/Bcap31/Rab3gap2/Rdx/Pten/Csnk1d/Cnot7/Ikbkg/Socs5/Map2k1/Tbk1/Bnip3/Fbxw7/Csnk1a1",35
"BP","GO:0007346","regulation of mitotic cell cycle","44/1060","493/23210",1.91905951765635e-05,0.00109083383108887,0.000827587772046371,"Ccnd2/Magi2/Eif4ebp1/Brd4/Parp3/Ptpn11/Mdm2/Cdkn1a/Anxa1/Pafah1b1/Timp2/Psrc1/Ccnd1/Pcid2/Pkd1/Klf4/Zfp36l2/Gnai1/Kcna5/Ier3/Rab11a/Smc3/Hras/Top2b/Crebbp/Nup62/Pttg1/Eif4e/Pim3/Cks1b/Chmp4b/Rdx/Pten/Vps4a/Ik/Ttl/Riok2/Nae1/Chmp5/Ywhah/Rpl17/Cdc42/Dynlt3/Vps4b",44
"BP","GO:0000045","autophagosome assembly","15/1060","93/23210",1.96357653396042e-05,0.00110229449330855,0.000836282683812256,"Nupr1/Atg5/Ubxn2a/Tmem173/Rab1b/Emc6/Rb1cc1/Sec22b/Atg4b/Stx17/Wdr45b/Stx12/Rab3gap2/Chmp4b/Rab1a",15
"BP","GO:0009165","nucleotide biosynthetic process","30/1060","285/23210",1.98004751575795e-05,0.00110229449330855,0.000836282683812256,"Aldoc/Nupr1/Zbtb20/Acsl1/Atp5l/Foxk2/Pdk1/Coasy/Ier3/Atp5j2/Ndufc2/Atp5pb/Ctps/Rrm2b/Cmpk2/Pdhb/Atp5j/Adcy2/Atp5h/Pank1/Atp5a1/Map2k1/Atp5c1/Adcy9/Acat1/Eno2/Ogt/Dlat/Paics/Atp5b",30
"BP","GO:0051054","positive regulation of DNA metabolic process","27/1060","245/23210",2.25420476665043e-05,0.0012421128306033,0.000942359285908001,"Parp3/Gsk3b/Resf1/Npas2/Prkcg/Stat6/Fbxo4/Klf4/Mlh1/Rps3/Cct3/Hras/Top2b/Ube2b/Rnf8/Map2k4/Cct7/Cct4/Otud4/Parm1/Usp7/Mphosph8/Trp53bp1/Tfrc/Cacybp/Cdc42/Cct2",27
"BP","GO:0006626","protein targeting to mitochondrion","13/1060","73/23210",2.35407554849053e-05,0.00127120079618489,0.000964427582602648,"Timm44/Gdap1/Pdcd5/Uqcrc2/Dnajc15/Grpel2/Tomm7/Chchd4/Tomm70a/Timm10/Timm23/Fbxw7/Dnajc19",13
"BP","GO:1990542","mitochondrial transmembrane transport","13/1060","73/23210",2.35407554849053e-05,0.00127120079618489,0.000964427582602648,"Timm44/Slc25a28/Letm1/Dnajc15/Grpel2/Tomm7/Slc25a29/Chchd4/Timm10/Slc25a15/Timm23/Atp5b/Dnajc19",13
"BP","GO:0006120","mitochondrial electron transport, NADH to ubiquinone","7/1060","21/23210",2.68764313465317e-05,0.00142927636527349,0.00108435548024258,"Ndufv1/Bdnf/Dnajc15/Ndufc2/Ndufs6/Ndufaf1/Ndufb6",7
"BP","GO:0032386","regulation of intracellular transport","40/1060","438/23210",2.69974424551659e-05,0.00142927636527349,0.00108435548024258,"Rapgef3/Ptpn11/Mdm2/Gsk3b/Fcer1g/B3gat3/Ptpn1/Prkcg/Thoc2/Smo/Chp1/Os9/Asph/Vps11/Vamp1/Ier3/Rufy3/Rap1a/Pdcd5/Rab21/Khdrbs1/Tomm7/Hras/Chchd4/Tardbp/Nup62/Bcap31/Lamp1/Lcp1/Rdx/Ube2g2/Riok2/Pfn2/Map2k1/Scp2/Ogt/Fbxw7/Cdc42/Ywhae/Nupl1",40
"BP","GO:0042176","regulation of protein catabolic process","36/1060","378/23210",2.79091143146145e-05,0.00144163204518059,0.00109372941907268,"Gfap/Ubxn1/Apc2/Trim30a/Nupr1/Mdm2/Gsk3b/Csnk2a2/Ubxn2a/Timp2/Prkcg/Pkd1/Wnt5a/Os9/Vps11/Trib3/Ier3/Sec22b/Atg4b/Gclc/Bag5/Mapk9/Bcap31/Usp14/Rdx/Pten/Ube2g2/Csnk1d/Usp7/Cyp51/Socs5/Nsf/Taf9/Ogt/Fbxw7/Csnk1a1",36
"BP","GO:0010257","NADH dehydrogenase complex assembly","10/1060","45/23210",2.80317342118448e-05,0.00144163204518059,0.00109372941907268,"Ndufc2/Ndufs5/Ndufa6/Ndufa5/Ndufb5/Ndufaf1/Ndufaf5/Ndufb6/Ndufa1/Ndufb3",10
"BP","GO:0032981","mitochondrial respiratory chain complex I assembly","10/1060","45/23210",2.80317342118448e-05,0.00144163204518059,0.00109372941907268,"Ndufc2/Ndufs5/Ndufa6/Ndufa5/Ndufb5/Ndufaf1/Ndufaf5/Ndufb6/Ndufa1/Ndufb3",10
"BP","GO:0015672","monovalent inorganic cation transport","41/1060","455/23210",2.93146562479039e-05,0.00146931528643665,0.00111473198729268,"Slc4a4/Rapgef3/Fxyd1/Slc12a2/Slc22a4/Tpcn1/Chp1/Slc46a1/Hvcn1/Atp5l/Slc23a2/Kcnd2/Clcn3/Kcna5/Neto1/Slc24a3/Hcn1/Kcnc4/Atp5pb/Atp5j/Atp5h/Pten/Kcnh2/Slmap/Cox17/Kcnq2/Stk39/Atp6v0e2/Atp5a1/Slc8a1/Atp5c1/Ywhah/Nsf/Kcnj14/Atp5b/Atp1b1/Ywhae/Atp6v1b2/Vps4b/Tesc/Atp1a1",41
"BP","GO:0044770","cell cycle phase transition","37/1060","394/23210",2.94533316478248e-05,0.00146931528643665,0.00111473198729268,"Ccnd2/Eif4ebp1/Brd4/Rhou/Mdm2/Id4/Cdkn1a/Anxa1/Ccnd1/Pcid2/Pkd1/Klf4/Zfp36l2/Rbbp8/Kcna5/Spast/Ier3/Rab11a/Arpp19/Crebbp/Eif4e/Ppp3ca/Cks1b/Chmp4b/Rdx/Pten/Susd2/Vps4a/Ik/Calm2/Calm1/Calm3/Riok2/Nae1/Tpd52l1/Rpl17/Vps4b",37
"BP","GO:1901293","nucleoside phosphate biosynthetic process","30/1060","291/23210",2.94554357025733e-05,0.00146931528643665,0.00111473198729268,"Aldoc/Nupr1/Zbtb20/Acsl1/Atp5l/Foxk2/Pdk1/Coasy/Ier3/Atp5j2/Ndufc2/Atp5pb/Ctps/Rrm2b/Cmpk2/Pdhb/Atp5j/Adcy2/Atp5h/Pank1/Atp5a1/Map2k1/Atp5c1/Adcy9/Acat1/Eno2/Ogt/Dlat/Paics/Atp5b",30
"BP","GO:0032886","regulation of microtubule-based process","26/1060","235/23210",2.96584011521471e-05,0.00146931528643665,0.00111473198729268,"Apc2/Parp3/Bicd2/Gsk3b/Pafah1b1/Fkbp4/Psrc1/Pkd1/Arhgef2/Dnaaf1/Gnai1/Tacc2/Rps3/Smc3/Mapre1/Nup62/Mkks/Lamp1/Chmp4b/Camsap1/Trim37/Chmp5/Kat2b/Hsph1/Vps4b/Chordc1",26
"BP","GO:0051052","regulation of DNA metabolic process","40/1060","440/23210",2.99320021835805e-05,0.00146938919810304,0.00111478806218656,"Parp3/Trip12/Gsk3b/Resf1/Cdkn1a/Npas2/Tet1/Prkcg/Kmt2a/Stat6/Fbxo4/Klf4/Lig3/Exosc10/Dnmt3a/Mlh1/Ier3/Esco1/Rps3/Smc3/Cct3/Dffa/Hras/Top2b/Ube2b/Rnf8/Map2k4/Cct7/Cct4/Otud4/Parm1/Usp7/Mphosph8/Trp53bp1/Tfrc/Bcl6/Cacybp/Fbxw7/Cdc42/Cct2",40
"BP","GO:1905037","autophagosome organization","15/1060","97/23210",3.28093815207648e-05,0.00159613207398315,0.00121094464560281,"Nupr1/Atg5/Ubxn2a/Tmem173/Rab1b/Emc6/Rb1cc1/Sec22b/Atg4b/Stx17/Wdr45b/Stx12/Rab3gap2/Chmp4b/Rab1a",15
"BP","GO:0030100","regulation of endocytosis","30/1060","293/23210",3.35190415238493e-05,0.00161609664489988,0.0012260912557408,"Lgals3/Il2rg/Magi2/Slc11a1/C3/Pycard/Scarb1/Atg5/Mertk/Fcer1g/Fcgr2b/Add1/Ptpn1/Prkcg/Ighm/Wnt5a/Calr/Itgav/Hnrnpk/Rap1a/Rab21/Cd151/Camk1d/Ppp3ca/Pten/Rit2/Smap1/Wasl/Vamp4/Nsf",30
"BP","GO:0007265","Ras protein signal transduction","38/1060","414/23210",3.81065357002734e-05,0.00182102029010156,0.00138156159241233,"Rhoj/Rapgef3/Myo9b/Rhou/Rgl2/Csf1/Plekhg2/Nisch/Gna13/Arhgef7/Rasa2/Timp2/Rab40c/Arhgef10/Arhgef2/Notch1/Rab1b/Rasa4/Fgd3/Rab11a/Rap1a/Rab21/Arpp19/Hras/Nup62/Rap2a/Trio/Rabl3/Wasf1/Rit2/Crk/Kalrn/Rab1a/Map2k1/Bcl6/Ralgps2/Ogt/Cdc42",38
"BP","GO:0032868","response to insulin","25/1060","225/23210",3.90098137649006e-05,0.00183841463234338,0.00139475823568819,"Socs3/Eif4ebp1/Ybx1/Ptpn11/Gsk3b/Gnai2/Agt/Rarres2/Grb10/Ptpn1/Trib3/Bcar1/Ywhag/Srsf5/Sesn3/Hnrnpk/Adipor1/Lpin2/H2afz/Uso1/Pten/Prkci/Srsf3/Kat2b/Ogt",25
"BP","GO:0043542","endothelial cell migration","23/1060","198/23210",3.91514227258312e-05,0.00183841463234338,0.00139475823568819,"Rhoj/Pxn/Scarb1/Hdac5/Agt/Grn/Hspb1/Anxa1/Ceacam1/Klf4/Wnt5a/Calr/Itgav/Notch1/Map3k3/Prkx/Bcar1/Fgf1/Pten/Pdcd6/Atp5a1/Fbxw7/Atp5b",23
"BP","GO:0010001","glial cell differentiation","26/1060","239/23210",3.96377833222364e-05,0.00183909779878693,0.00139527653662354,"Vim/Gfap/Nfix/Ptpn11/C1qa/Id4/Agt/Gap43/Nkx6-2/Grn/Sox10/Arhgef10/Dag1/Dusp15/Myrf/Erbb3/Hdac1/Lgi4/Smo/Slc45a3/Notch1/Mbd1/Hes5/Pten/Tnfrsf21/Map2k1",26
"BP","GO:0006997","nucleus organization","17/1060","122/23210",4.01170670235742e-05,0.00183909779878693,0.00139527653662354,"Usp36/Ubxn2a/Pafah1b1/Tnp2/Nolc1/Agfg1/Spast/Tardbp/Rnf8/Chmp4b/Serbp1/Vps4a/H3f3b/Seh1l/Chmp5/Nup133/Vps4b",17
"BP","GO:0006403","RNA localization","21/1060","172/23210",4.01876926401589e-05,0.00183909779878693,0.00139527653662354,"Bicd2/Ddx39/Pcid2/Thoc2/Exosc10/Ddx19b/Khdrbs1/Stau2/Znhit3/Nup62/Cct4/Hnrnpa3/Nup85/Riok2/Seh1l/Thoc7/Xpo7/Srsf3/Cct2/G3bp2/Nup133",21
"BP","GO:0060236","regulation of mitotic spindle organization","9/1060","38/23210",4.10831336669515e-05,0.00186427665379444,0.00141437909094892,"Parp3/Psrc1/Pkd1/Gnai1/Smc3/Nup62/Chmp4b/Chmp5/Vps4b",9
"BP","GO:0031396","regulation of protein ubiquitination","23/1060","199/23210",4.23932480774762e-05,0.00190284519610391,0.00144364005911042,"Ubxn1/Tspo/Sept4/Trip12/Atg5/Ubxn2a/Cdc20/Prkcg/Fbxo4/Chp1/Rps2/Trib3/Gclc/Rps3/Bag5/Mapk9/Ndfip2/Pten/Birc2/Pdcd6/Ogt/Fbxw7/Fem1b",23
"BP","GO:0015980","energy derivation by oxidation of organic compounds","27/1060","254/23210",4.26378275423285e-05,0.00190284519610391,0.00144364005911042,"Gsk3b/Stk40/Grb10/Ndufv1/Cavin3/Bdnf/Rb1cc1/Dnajc15/Ndufc2/Sdhd/Tbrg4/Sdhaf4/Chchd4/Sod2/Pdhb/Ndufa5/Ndufs6/Ndufaf1/Pygb/Ndufb6/Cox5a/Fastkd5/Ndufs2/Cycs/Bnip3/Ppp1r2/Dlat",27
"BP","GO:0099633","protein localization to postsynaptic specialization membrane","8/1060","30/23210",4.39084063159994e-05,0.00192768613094632,0.00146248624203569,"Magi2/Gsk3b/Dag1/Rap1a/Hras/Gphn/Kalrn/Map2k1",8
"BP","GO:0099645","neurotransmitter receptor localization to postsynaptic specialization membrane","8/1060","30/23210",4.39084063159994e-05,0.00192768613094632,0.00146248624203569,"Magi2/Gsk3b/Dag1/Rap1a/Hras/Gphn/Kalrn/Map2k1",8
"BP","GO:0048678","response to axon injury","12/1060","67/23210",4.54016242142282e-05,0.00196037637846217,0.00148728749804577,"Tyrobp/Mmp2/Gap43/Grn/Klf4/Jak2/Sod2/Pten/Stk24/Map2k1/Dpysl3/Nrep",12
"BP","GO:0042775","mitochondrial ATP synthesis coupled electron transport","11/1060","57/23210",4.57421154974507e-05,0.00196037637846217,0.00148728749804577,"Ndufv1/Bdnf/Dnajc15/Ndufc2/Sdhd/Ndufs6/Ndufaf1/Ndufb6/Cox5a/Ndufs2/Cycs",11
"BP","GO:0051310","metaphase plate congression","11/1060","57/23210",4.57421154974507e-05,0.00196037637846217,0.00148728749804577,"Psrc1/Cenpq/Mlh1/Rab11a/Nup62/Chmp4b/Vps4a/Ttl/Seh1l/Chmp5/Vps4b",11
"BP","GO:0051098","regulation of binding","37/1060","403/23210",4.76929703866739e-05,0.00202789007943338,0.00153850841893854,"Lgals3/Ctsz/Rapgef3/Brd4/Eif3c/Ddit3/Id4/Gsk3b/Hdac5/Arhgef7/Traf2/Add1/Zfpm1/Tmem173/Pkd1/Klf4/Wnt5a/Smo/Trib3/Irf4/Bdnf/Hnrnpk/Jak2/Mmp9/Mapre1/Hey1/Ppp3ca/Crk/Hopx/Calm1/Crbn/Kat2b/Ppp1r2/Eif3e/Fbxw7/Csnk1a1/Cdc42",37
"BP","GO:0000302","response to reactive oxygen species","23/1060","201/23210",4.9608201956036e-05,0.00209284602002027,0.00158778883234286,"Foxp1/Mmp2/Traf2/Anxa1/Stat6/Prdx6/Pde8a/Itgav/Bcar1/Sesn3/Rps3/Mapk9/Top2b/Mmp9/Sod2/Crk/Stk24/Glrx2/Prdx2/Slc8a1/Bnip3/Rnf146/Hsph1",23
"BP","GO:1903320","regulation of protein modification by small protein conjugation or removal","25/1060","229/23210",5.22467708710196e-05,0.00215564869971176,0.00163543562169165,"Ubxn1/Tspo/Sept4/Trip12/Atg5/Ubxn2a/Cdc20/Prkcg/Fbxo4/Chp1/Rps2/Trib3/Gclc/Rps3/Bag5/Mapk9/Ndfip2/Pten/Otud4/Tollip/Birc2/Pdcd6/Ogt/Fbxw7/Fem1b",25
"BP","GO:0015985","energy coupled proton transport, down electrochemical gradient","7/1060","23/23210",5.22944406781928e-05,0.00215564869971176,0.00163543562169165,"Atp5l/Atp5pb/Atp5j/Atp5h/Atp5a1/Atp5c1/Atp5b",7
"BP","GO:0015986","ATP synthesis coupled proton transport","7/1060","23/23210",5.22944406781928e-05,0.00215564869971176,0.00163543562169165,"Atp5l/Atp5pb/Atp5j/Atp5h/Atp5a1/Atp5c1/Atp5b",7
"BP","GO:1901215","negative regulation of neuron death","26/1060","244/23210",5.63178326504023e-05,0.00228281467834617,0.00173191320236322,"Mt1/Csf1/Gsk3b/Agt/Grn/Nes/Retreg1/Prkcg/Chl1/Erbb3/Hdac1/Smo/Dnajc5/Bdnf/Gclc/Jak2/Cd200/Hras/Sod2/Chmp4b/Map2k4/Prdx2/Prkci/Ghr/Btbd10/Hsph1",26
"BP","GO:0045333","cellular respiration","20/1060","163/23210",5.66476234997014e-05,0.00228281467834617,0.00173191320236322,"Ndufv1/Bdnf/Dnajc15/Ndufc2/Sdhd/Tbrg4/Sdhaf4/Chchd4/Sod2/Pdhb/Ndufa5/Ndufs6/Ndufaf1/Ndufb6/Cox5a/Fastkd5/Ndufs2/Cycs/Bnip3/Dlat",20
"BP","GO:0048660","regulation of smooth muscle cell proliferation","20/1060","163/23210",5.66476234997014e-05,0.00228281467834617,0.00173191320236322,"Tgm2/Mdm2/Hbegf/Gsk3b/Ralbp1/Mmp2/Gnai2/Agt/Il6ra/Comt/P2ry6/Cdkn1a/Klf4/Rgs5/Hes5/Jak2/Mmp9/Sod2/Pten/Bmpr1a",20
"BP","GO:0061458","reproductive system development","40/1060","453/23210",5.72866045602902e-05,0.00229146418241161,0.00173847536022339,"Socs3/Xist/Ptpn11/Nupr1/Id4/Safb2/Mmp2/Agt/Mertk/Sry/Anxa1/Fkbp4/Chd7/Pbrm1/Col9a3/Ccnd1/Pkd1/Hoxa9/Wnt5a/Itgav/Notch1/Fancg/Il11ra1/Hnrnpk/Hey1/Tmed2/Bcl2l2/Pten/Birc2/H3f3b/Ndufs6/Ncoa1/Ermp1/Slc8a1/Map2k1/Jmjd1c/Fem1b/Serpinb6a/Dnajc19/Tesc",40
"BP","GO:0045665","negative regulation of neuron differentiation","27/1060","260/23210",6.3857028860555e-05,0.00253549967534557,0.00192361885700681,"Vim/Gfap/Ctsz/Mdm2/Id4/Gsk3b/Sema3b/Pafah1b1/Sema4d/Sema4b/Wnt5a/Thoc2/Calr/Notch1/Hes5/Rufy3/Bag5/Hey1/Thy1/Spock1/Eif4e/Ppp3ca/Pten/Rit2/Ywhah/Dpysl3/Cd24a",27
"BP","GO:0061136","regulation of proteasomal protein catabolic process","21/1060","178/23210",6.66594135878395e-05,0.00262745133849878,0.00199338023575775,"Ubxn1/Nupr1/Mdm2/Gsk3b/Prkcg/Pkd1/Os9/Trib3/Gclc/Bag5/Mapk9/Bcap31/Usp14/Ube2g2/Csnk1d/Usp7/Socs5/Taf9/Ogt/Fbxw7/Csnk1a1",21
"BP","GO:0031330","negative regulation of cellular catabolic process","26/1060","247/23210",6.91254532000247e-05,0.00270490903826184,0.00205214541460333,"Ubxn1/Tspo/Ybx1/Slc11a1/Nupr1/Usp36/Csnk2a2/Timp2/Prkcg/Os9/Pabpc1/Foxk2/Ier3/Sec22b/Bag5/Dffa/Mtmr9/Tardbp/Usp14/Chmp4b/Eif4g2/Ube2g2/Usp7/Slirp/Taf9/Ogt",26
"BP","GO:1902115","regulation of organelle assembly","23/1060","206/23210",7.26815729315982e-05,0.00281922046236844,0.00213887057300935,"Sdc4/Nupr1/Atg5/Gap43/Arhgef2/Vps11/Rab1b/Wrap73/Sec22b/Smc3/Mapk9/Nup62/Cbln1/Lcp1/Rab3gap2/Chmp4b/Rdx/Trim37/Chmp5/Kat2b/Dynll1/G3bp2/Vps4b",23
"BP","GO:0022904","respiratory electron transport chain","13/1060","81/23210",7.30909008762187e-05,0.00281922046236844,0.00213887057300935,"Ndufv1/Bdnf/Dnajc15/Ndufc2/Sdhd/Sod2/Ndufa5/Ndufs6/Ndufaf1/Ndufb6/Cox5a/Ndufs2/Cycs",13
"BP","GO:0031102","neuron projection regeneration","11/1060","60/23210",7.49673474477737e-05,0.00287108990225516,0.00217822259251015,"Gfap/Mmp2/Gap43/Grn/Klf4/Jak2/Thy1/Pten/Stk24/Map2k1/Nrep",11
"BP","GO:0031503","protein-containing complex localization","26/1060","249/23210",7.9057364254209e-05,0.0030064068096671,0.00228088407470261,"Tyrobp/Magi2/Gsk3b/Tnfaip2/Dag1/Fkbp4/Ddx39/Pcid2/Thoc2/Ddx19b/Rab11a/Rap1a/Neto1/Stau2/Hras/Gphn/Kalrn/Wasl/Nup85/Riok2/Seh1l/Thoc7/Map2k1/Srsf3/Dynll1/Nup133",26
"BP","GO:0051260","protein homooligomerization","35/1060","383/23210",8.29512274430037e-05,0.00313242397337217,0.00237649007882349,"Cubn/Aldoc/Sept4/Pycard/Tgm2/Fcer1g/Traf2/Acadl/Emilin1/Lonp1/Kcnd2/Kcna5/Spast/Letm1/Hcn1/Kcnc4/Atxn10/Nell2/Rbmxl1/Gphn/Sod2/Pcbd2/Kctd2/Chmp4b/Naxe/Atl2/Trp53bp1/Cycs/Crbn/Dpysl3/Acat1/Ogt/Lnx1/G3bp2/Nupl1",35
"BP","GO:0050764","regulation of phagocytosis","15/1060","105/23210",8.39997230965763e-05,0.00314014337778033,0.00238234659382477,"Il2rg/Slc11a1/C3/Pycard/Scarb1/Atg5/Mertk/Fcer1g/Fcgr2b/Prkcg/Calr/Itgav/Rap1a/Camk1d/Pten",15
"BP","GO:1903050","regulation of proteolysis involved in cellular protein catabolic process","23/1060","208/23210",8.43186647737311e-05,0.00314014337778033,0.00238234659382477,"Ubxn1/Nupr1/Mdm2/Gsk3b/Csnk2a2/Prkcg/Pkd1/Os9/Trib3/Gclc/Bag5/Mapk9/Bcap31/Usp14/Pten/Ube2g2/Csnk1d/Usp7/Socs5/Taf9/Ogt/Fbxw7/Csnk1a1",23
"BP","GO:0071902","positive regulation of protein serine/threonine kinase activity","28/1060","279/23210",8.58003992284072e-05,0.00317343942351643,0.00240760745347485,"Ccnd2/Csf1r/Pxn/Gadd45b/Ptpn11/Agt/Traf2/Ceacam1/Ptpn1/Psrc1/Ccnd1/Pkd1/Ighm/Wnt5a/Acsl1/Lamtor3/Rps3/Jak2/Hras/Fgf1/Map2k4/Stk39/Higd1a/Prdx2/Map2k1/Ghr/Tpd52l1/Cd24a",28
"BP","GO:0042773","ATP synthesis coupled electron transport","11/1060","61/23210",8.77267671928182e-05,0.00322261593769536,0.00244491641900787,"Ndufv1/Bdnf/Dnajc15/Ndufc2/Sdhd/Ndufs6/Ndufaf1/Ndufb6/Cox5a/Ndufs2/Cycs",11
"BP","GO:0008361","regulation of cell size","23/1060","209/23210",9.07377761834839e-05,0.00331070264453252,0.00251174555409758,"Rapgef3/Atp2b2/Slc12a2/Gsk3b/Lrrc8a/Sema3b/Pafah1b1/Add1/Sema4d/Sema4b/Wnt5a/Clcn3/Bdnf/Rb1cc1/Rufy3/Rab11a/Rab21/Arhgap5/Rdx/Pten/Eif4g2/Ttl/Ogt",23
"BP","GO:0090224","regulation of spindle organization","9/1060","42/23210",9.53550734926218e-05,0.0034558214554373,0.00262184349016803,"Parp3/Psrc1/Pkd1/Gnai1/Smc3/Nup62/Chmp4b/Chmp5/Vps4b",9
"BP","GO:0048608","reproductive structure development","39/1060","449/23210",0.000100133079093926,0.00360479084738133,0.00273486276374428,"Socs3/Xist/Ptpn11/Nupr1/Id4/Safb2/Mmp2/Agt/Mertk/Sry/Anxa1/Fkbp4/Chd7/Pbrm1/Col9a3/Ccnd1/Pkd1/Hoxa9/Wnt5a/Itgav/Notch1/Fancg/Il11ra1/Hnrnpk/Hey1/Tmed2/Bcl2l2/Pten/Birc2/H3f3b/Ncoa1/Ermp1/Slc8a1/Map2k1/Jmjd1c/Fem1b/Serpinb6a/Dnajc19/Tesc",39
"BP","GO:0030150","protein import into mitochondrial matrix","6/1060","18/23210",0.000103414077631612,0.00366754521088327,0.00278247289683386,"Timm44/Dnajc15/Grpel2/Tomm7/Timm23/Dnajc19",6
"BP","GO:0060416","response to growth hormone","6/1060","18/23210",0.000103414077631612,0.00366754521088327,0.00278247289683386,"Pxn/Stat6/Jak2/Leprot/Ghr/Cacybp",6
"BP","GO:0061077","chaperone-mediated protein folding","10/1060","52/23210",0.000104018627409749,0.00366754521088327,0.00278247289683386,"Hspb1/Unc45a/Fkbp4/Dnajc5/Pdcd5/Dffa/Hspe1/Cct2/Hsph1/Chordc1",10
"BP","GO:1903362","regulation of cellular protein catabolic process","25/1060","239/23210",0.000104592956014078,0.00366754521088327,0.00278247289683386,"Ubxn1/Nupr1/Mdm2/Gsk3b/Csnk2a2/Prkcg/Pkd1/Os9/Vps11/Trib3/Gclc/Bag5/Mapk9/Bcap31/Usp14/Rdx/Pten/Ube2g2/Csnk1d/Usp7/Socs5/Taf9/Ogt/Fbxw7/Csnk1a1",25
"BP","GO:0048524","positive regulation of viral process","13/1060","84/23210",0.000107387502539595,0.0037412420239601,0.00283838478698883,"Csf1r/Trim30a/Ceacam1/Rrp1b/Notch1/Pabpc1/Smc3/Vapb/Top2b/Chmp4b/Vps4a/Cnot7/Vps4b",13
"BP","GO:0030705","cytoskeleton-dependent intracellular transport","20/1060","171/23210",0.000111077507207771,0.00384499063411517,0.0029170962081825,"Kif1b/Bicd2/Hspb1/Pafah1b1/Ap3b2/Spast/Rab21/Stau2/Dync1i1/Lamp1/Wasf1/Actr10/Copg2/Bloc1s5/Rab1a/Wasl/Map2k1/Dynll1/Cdc42/Klc1",20
"BP","GO:0031099","regeneration","18/1060","145/23210",0.00011252559360743,0.00387030704127466,0.00293630311981306,"Gfap/Mmp2/Gap43/Grn/Cdkn1a/Anxa1/Ccnd1/Klf4/Gjd4/Bdnf/Jak2/Thy1/Pten/Akirin1/Stk24/Hopx/Map2k1/Nrep",18
"BP","GO:0008631","intrinsic apoptotic signaling pathway in response to oxidative stress","9/1060","43/23210",0.00011575056775162,0.00395603206239713,0.00300134050425919,"Ralbp1/Hspb1/Pdk1/Jak2/Bag5/Sod2/Stk24/Fbxw7/Hsph1",9
"BP","GO:0045454","cell redox homeostasis","11/1060","63/23210",0.000118880804705017,0.00403485599614517,0.00306114220994093,"Ddit3/Sh3bgrl3/Prdx6/Gclc/Dnajc10/Tmx2/Glrx2/Prdx2/Selenos/Txnl1/Glrx3",11
"BP","GO:0070507","regulation of microtubule cytoskeleton organization","22/1060","199/23210",0.000119551288774672,0.00403485599614517,0.00306114220994093,"Apc2/Parp3/Bicd2/Gsk3b/Pafah1b1/Fkbp4/Psrc1/Pkd1/Arhgef2/Gnai1/Rps3/Smc3/Mapre1/Nup62/Chmp4b/Camsap1/Trim37/Chmp5/Kat2b/Hsph1/Vps4b/Chordc1",22
"BP","GO:0048708","astrocyte differentiation","13/1060","85/23210",0.000121551214071012,0.00406822095214246,0.00308645535004649,"Vim/Gfap/Nfix/Ptpn11/C1qa/Id4/Agt/Grn/Smo/Notch1/Mbd1/Hes5/Map2k1",13
"BP","GO:0010970","transport along microtubule","19/1060","159/23210",0.000122800002814671,0.00406822095214246,0.00308645535004649,"Kif1b/Bicd2/Hspb1/Pafah1b1/Ap3b2/Spast/Rab21/Stau2/Dync1i1/Lamp1/Wasf1/Actr10/Copg2/Bloc1s5/Rab1a/Map2k1/Dynll1/Cdc42/Klc1",19
"BP","GO:0099111","microtubule-based transport","19/1060","159/23210",0.000122800002814671,0.00406822095214246,0.00308645535004649,"Kif1b/Bicd2/Hspb1/Pafah1b1/Ap3b2/Spast/Rab21/Stau2/Dync1i1/Lamp1/Wasf1/Actr10/Copg2/Bloc1s5/Rab1a/Map2k1/Dynll1/Cdc42/Klc1",19
"BP","GO:1902473","regulation of protein localization to synapse","7/1060","26/23210",0.000124427294114499,0.00409699626962375,0.00310828644861123,"Magi2/Gsk3b/Dag1/Rap1a/Hras/Kalrn/Map2k1",7
"BP","GO:0051604","protein maturation","29/1060","300/23210",0.000125349626582754,0.00410235141543559,0.00311234926098934,"Ctsz/C3/Pycard/Mdm2/Ctsh/Cst7/Plat/Tmem59/Myrf/Tnp2/A2m/Asph/Cpd/Cpb2/Uqcrc2/Tspan17/Isca2/Chchd4/Crebbp/Naa35/Naa20/Sec11a/Isca1/Prss12/Birc2/Kat2b/Ogt/Glrx3/Tesc",29
"BP","GO:0032388","positive regulation of intracellular transport","22/1060","200/23210",0.000128657500269338,0.00418524398466521,0.00317523773651403,"Rapgef3/Mdm2/Gsk3b/Fcer1g/B3gat3/Smo/Asph/Vps11/Rufy3/Pdcd5/Rab21/Khdrbs1/Tomm7/Hras/Tardbp/Bcap31/Rdx/Riok2/Scp2/Fbxw7/Cdc42/Ywhae",22
"BP","GO:0070661","leukocyte proliferation","31/1060","331/23210",0.000132994509151428,0.00429100960128512,0.00325547940900618,"Lgals3/Tyrobp/Sdc4/Csf1r/Slc11a1/Pycard/Csf1/Gsk3b/Il6ra/Cdkn1a/Fcgr2b/Anxa1/Cd180/Ceacam1/Efnb1/Slamf1/Ighm/Zap70/St6gal1/Znhit1/Twsg1/Selenok/Rps3/Ctps/Cd151/Tnfrsf21/Prdx2/Tfrc/Tbk1/Bcl6/Cd24a",31
"BP","GO:0009142","nucleoside triphosphate biosynthetic process","19/1060","160/23210",0.000133498076484426,0.00429100960128512,0.00325547940900618,"Aldoc/Nupr1/Zbtb20/Atp5l/Foxk2/Ier3/Atp5j2/Ndufc2/Atp5pb/Ctps/Cmpk2/Atp5j/Atp5h/Atp5a1/Map2k1/Atp5c1/Eno2/Ogt/Atp5b",19
"BP","GO:0051303","establishment of chromosome localization","12/1060","75/23210",0.000141428819259653,0.00451902736095932,0.00342847066059526,"Psrc1/Cenpq/Mlh1/Rab11a/Ube2b/Nup62/Chmp4b/Vps4a/Ttl/Seh1l/Chmp5/Vps4b",12
"BP","GO:1904707","positive regulation of vascular smooth muscle cell proliferation","8/1060","35/23210",0.000144123501522219,0.00457804063658813,0.00347324252584815,"Mdm2/Mmp2/Gnai2/Agt/P2ry6/Jak2/Mmp9/Bmpr1a",8
"BP","GO:0051656","establishment of organelle localization","40/1060","473/23210",0.000145130367546126,0.0045830642382987,0.00347705380418295,"Kif1b/Bicd2/Gsk3b/Fcer1g/Pafah1b1/Psrc1/Prkcg/Arhgef2/Cenpq/Tac4/Ap3b2/Mlh1/Gosr1/Vamp1/Spast/Tacc2/Rab11a/Rap1a/Dync1i1/Ube2b/Nup62/Lamp1/Wasf1/Chmp4b/Actr10/Copg2/Bloc1s5/Vps4a/Pdcd6/Ttl/Rab1a/Wasl/Riok2/Ikbkg/Pfn2/Seh1l/Map2k1/Chmp5/Cdc42/Vps4b",40
"BP","GO:2000058","regulation of ubiquitin-dependent protein catabolic process","18/1060","148/23210",0.000146451818497638,0.00459790592957699,0.00348831381635744,"Ubxn1/Mdm2/Gsk3b/Csnk2a2/Trib3/Gclc/Bag5/Mapk9/Bcap31/Usp14/Pten/Csnk1d/Usp7/Socs5/Taf9/Ogt/Fbxw7/Csnk1a1",18
"BP","GO:0010977","negative regulation of neuron projection development","20/1060","175/23210",0.000152670112518117,0.0047654254774441,0.00361540661953459,"Vim/Gfap/Ctsz/Mdm2/Gsk3b/Sema3b/Pafah1b1/Sema4d/Sema4b/Wnt5a/Thoc2/Rufy3/Bag5/Thy1/Spock1/Ppp3ca/Pten/Rit2/Ywhah/Dpysl3",20
"BP","GO:0035690","cellular response to drug","34/1060","380/23210",0.00015617447551499,0.00483489896636746,0.00366811438150139,"Vim/Eif4ebp1/Foxp1/Gnai2/Traf2/Anxa1/Kmt2a/Trim41/Stat6/Arhgef2/Pde8a/Bcar1/Gnai1/Hnrnpk/Rap1a/Rps3/Jak2/Top2b/Rap2a/Eif4e/Ppp3ca/Adcy2/Pten/Kcnh2/Crk/Ncoa1/Ryr2/Slc8a1/Chmp5/Tfrc/Bnip3/Rnf146/Klf9/Hsph1",34
"BP","GO:0016570","histone modification","37/1060","427/23210",0.000156686540576723,0.00483489896636746,0.00366811438150139,"Brd4/Kmt2c/Trip12/Hdac5/Usp36/Atg5/Airn/Ing4/Kdm5a/Tet1/Hdac1/Kmt2a/Jarid2/Znhit1/BC004004/Hr/Irf4/Wdr61/Yeats4/Elk4/Jak2/Crebbp/Ube2b/Dpy30/Rnf8/Pim3/Epc1/Trim37/Usp7/Hopx/Ncoa1/Jmjd1c/Bcl6/Kat2b/Taf9/Ogt/Nap1l2",37
"BP","GO:0021782","glial cell development","15/1060","111/23210",0.000159053245166901,0.004880042749439,0.00370236381692331,"Vim/Gfap/C1qa/Id4/Agt/Nkx6-2/Grn/Sox10/Arhgef10/Dag1/Myrf/Lgi4/Smo/Hes5/Pten",15
"BP","GO:0050000","chromosome localization","12/1060","76/23210",0.000161062356394891,0.00491376680526786,0.00372794939690108,"Psrc1/Cenpq/Mlh1/Rab11a/Ube2b/Nup62/Chmp4b/Vps4a/Ttl/Seh1l/Chmp5/Vps4b",12
"BP","GO:1904018","positive regulation of vasculature development","22/1060","204/23210",0.00017153085606919,0.00515588526378803,0.00391163848862826,"Lgals3/Rhoj/Rapgef3/Pxn/C3/Ctsh/Chil1/Grn/Hspb1/Il6ra/Anxa1/Add1/Ceacam1/Klf4/Wnt5a/Notch1/Map3k3/Rap1a/Fgf1/Mmp9/Sod2/Pdcd6",22
"BP","GO:0045666","positive regulation of neuron differentiation","39/1060","461/23210",0.00017340016638635,0.00515588526378803,0.00391163848862826,"Magi2/Gsk3b/Agt/Grn/Hspb1/Pafah1b1/Timp2/Ltk/Sema4d/Tle6/Wnt5a/Arhgef2/Neurl1a/Tgif1/Bdnf/Hnrnpk/Rufy3/Rab11a/Rap1a/Rab21/Stau2/Camk1d/Pten/Eif4g2/Rit2/Stk24/Kalrn/Csnk1d/Mmd/Ncoa1/Prkci/Map2k1/Bcl6/Kat2b/Dpysl3/Cd24a/Serpini1/Chodl/Nap1l2",39
"BP","GO:0006754","ATP biosynthetic process","17/1060","137/23210",0.000173467803080952,0.00515588526378803,0.00391163848862826,"Aldoc/Nupr1/Zbtb20/Atp5l/Foxk2/Ier3/Atp5j2/Ndufc2/Atp5pb/Atp5j/Atp5h/Atp5a1/Map2k1/Atp5c1/Eno2/Ogt/Atp5b",17
"BP","GO:0009201","ribonucleoside triphosphate biosynthetic process","18/1060","150/23210",0.000173772429261004,0.00515588526378803,0.00391163848862826,"Aldoc/Nupr1/Zbtb20/Atp5l/Foxk2/Ier3/Atp5j2/Ndufc2/Atp5pb/Ctps/Atp5j/Atp5h/Atp5a1/Map2k1/Atp5c1/Eno2/Ogt/Atp5b",18
"BP","GO:0034614","cellular response to reactive oxygen species","18/1060","150/23210",0.000173772429261004,0.00515588526378803,0.00391163848862826,"Foxp1/Mmp2/Traf2/Anxa1/Stat6/Pde8a/Bcar1/Rps3/Mapk9/Top2b/Mmp9/Sod2/Crk/Prdx2/Slc8a1/Bnip3/Rnf146/Hsph1",18
"BP","GO:0046822","regulation of nucleocytoplasmic transport","15/1060","112/23210",0.000176026743133975,0.0051942317646091,0.00394073099958258,"Rapgef3/Ptpn11/Mdm2/Gsk3b/Thoc2/Smo/Chp1/Ier3/Khdrbs1/Chchd4/Tardbp/Nup62/Riok2/Ywhae/Nupl1",15
"BP","GO:0033108","mitochondrial respiratory chain complex assembly","12/1060","77/23210",0.000182978549602912,0.00537002265138982,0.00407409905637606,"Ndufc2/Sdhaf4/Ndufs5/Ndufa6/Ndufa5/Cox17/Ndufb5/Ndufaf1/Ndufaf5/Ndufb6/Ndufa1/Ndufb3",12
"BP","GO:0051099","positive regulation of binding","22/1060","205/23210",0.000184047004723227,0.00537218284056988,0.00407573793674424,"Lgals3/Rapgef3/Brd4/Eif3c/Gsk3b/Arhgef7/Traf2/Add1/Tmem173/Pkd1/Klf4/Wnt5a/Trib3/Irf4/Bdnf/Jak2/Mmp9/Mapre1/Calm1/Crbn/Kat2b/Eif3e",22
"BP","GO:0009611","response to wounding","41/1060","495/23210",0.000187681232776741,0.00544880998384086,0.00413387299358843,"Gfap/Tyrobp/Sdc4/Fermt3/Slc11a1/A130040M12Rik/C3/Hbegf/Mmp2/Gna13/Gap43/Mertk/Grn/Fcer1g/Cdkn1a/Anxa1/Ceacam1/Gp1bb/Klf4/Wnt5a/BC004004/Zfp36l2/Cpb2/Srsf5/Gjd4/Jak2/Hras/Cd151/Sod2/Lcp1/Map2k4/Pten/Akirin1/Crk/Stk24/Hopx/Prdx2/Map2k1/Dpysl3/Cd24a/Nrep",41
"BP","GO:0010256","endomembrane system organization","34/1060","384/23210",0.000190343015548946,0.00549653627788401,0.00417008171413734,"Syngr2/Arhgef7/Ubxn2a/Pafah1b1/Myrf/Pi4k2a/Vps11/Agfg1/Spast/Rab11a/Snx19/Stx17/Vapb/Bag5/Tardbp/Tmed2/Rab3gap2/Uso1/Chmp4b/Pten/Tor1aip2/Atl2/Vps4a/Csnk1d/Rab1a/Wasl/Rtn3/Map2k1/Tmem33/Vamp4/Arl6ip1/Csnk1a1/Cdc42/Vps4b",34
"BP","GO:0043524","negative regulation of neuron apoptotic process","20/1060","178/23210",0.000192320271478087,0.00552409290415783,0.00419098822280356,"Mt1/Agt/Grn/Nes/Retreg1/Prkcg/Chl1/Erbb3/Hdac1/Smo/Dnajc5/Bdnf/Gclc/Jak2/Hras/Sod2/Map2k4/Prdx2/Prkci/Hsph1",20
"BP","GO:1903008","organelle disassembly","13/1060","89/23210",0.000195502460571919,0.00558578458776911,0.00423779212779676,"Tspo/Atg5/Retreg1/Tmem173/Spast/Rb1cc1/Wdr45b/Mcts1/Tomm7/Fundc2/Bnip3/Fbxw7/Klc1",13
"BP","GO:0065002","intracellular protein transmembrane transport","10/1060","56/23210",0.000198450367856201,0.0056401683495973,0.00427905169914867,"Timm44/Zfand2b/Dnajc15/Grpel2/Tomm7/Chchd4/Timm10/Timm23/Srp54a/Dnajc19",10
"BP","GO:0032495","response to muramyl dipeptide","6/1060","20/23210",0.000199604147703181,0.00564325862616324,0.00428139621306576,"Vim/Erbin/Trim41/Arhgef2/Notch1/Chmp5",6
"BP","GO:0072503","cellular divalent inorganic cation homeostasis","41/1060","497/23210",0.000204296027171362,0.00574582576419457,0.00435921128152929,"Slc11a1/Mt1/Hexb/Fxyd1/Mt2/Atp2b2/Ddit3/Tgm2/Cd52/Gna13/Atg5/Agt/P2ry6/Calca/Chd7/Pkd1/Cacna2d1/Wnt5a/Plcz1/Slc39a6/Asph/Itgav/Tac4/Selenok/Kcna5/Atp13a3/Slc24a3/Letm1/Tmem203/Jak2/Vapb/Calb2/Thy1/Bcap31/Ryr2/Slc8a1/Rmdn3/Bnip3/Cd24a/Atp1b1/Ywhae",41
"BP","GO:0048168","regulation of neuronal synaptic plasticity","11/1060","67/23210",0.000210053009679911,0.00587713084078507,0.00445882909012388,"Gsk3b/Agt/Fcgr2b/Nsmf/Kmt2a/Neurl1a/Bdnf/Rab11a/Neto1/Hras/Kalrn",11
"BP","GO:0045931","positive regulation of mitotic cell cycle","19/1060","166/23210",0.000216639037013054,0.00603015876221902,0.00457492746638527,"Ccnd2/Eif4ebp1/Brd4/Ptpn11/Mdm2/Anxa1/Pafah1b1/Ccnd1/Pcid2/Kcna5/Rab11a/Crebbp/Nup62/Eif4e/Rdx/Ttl/Rpl17/Dynlt3/Vps4b",19
"BP","GO:0032943","mononuclear cell proliferation","29/1060","310/23210",0.000220066686236127,0.00609415438807737,0.00462347931352771,"Lgals3/Tyrobp/Sdc4/Slc11a1/Pycard/Csf1/Il6ra/Cdkn1a/Fcgr2b/Anxa1/Cd180/Ceacam1/Efnb1/Slamf1/Ighm/Zap70/St6gal1/Znhit1/Twsg1/Selenok/Rps3/Ctps/Cd151/Tnfrsf21/Prdx2/Tfrc/Tbk1/Bcl6/Cd24a",29
"BP","GO:0071806","protein transmembrane transport","10/1060","57/23210",0.00023094148537934,0.00636267357677772,0.00482719796507191,"Timm44/Zfand2b/Dnajc15/Grpel2/Tomm7/Chchd4/Timm10/Timm23/Srp54a/Dnajc19",10
"BP","GO:0034976","response to endoplasmic reticulum stress","24/1060","237/23210",0.000233264921905855,0.00639406384919603,0.00485101296317173,"Ubxn1/Nupr1/Ddit3/Gsk3b/Fcgr2b/Ptpn1/Ccnd1/Os9/Calr/Trib3/Selenok/Sdf2/Vapb/Dnajc10/Bcap31/Usp14/March6/Jkamp/Ube2g2/Ikbkg/Canx/Psmc6/Tmem33/Selenos",24
"BP","GO:0006368","transcription elongation from RNA polymerase II promoter","9/1060","47/23210",0.000237431864307531,0.00647541448111447,0.00491273161023344,"Brd4/Sox10/Pbrm1/Pcid2/Wdr61/Rnf8/Nelfb/Eloc/Map2k1",9
"BP","GO:0070663","regulation of leukocyte proliferation","24/1060","238/23210",0.000248457419852328,0.00674206063920891,0.00511502924128676,"Lgals3/Tyrobp/Sdc4/Pycard/Csf1/Gsk3b/Il6ra/Cdkn1a/Fcgr2b/Anxa1/Ceacam1/Efnb1/Slamf1/Ighm/Zap70/St6gal1/Znhit1/Twsg1/Selenok/Rps3/Tnfrsf21/Tfrc/Bcl6/Cd24a",24
"BP","GO:0044403","symbiont process","31/1060","343/23210",0.000250691542614986,0.00676867165060463,0.00513521833609225,"Csf1r/Trim30a/Gbp2/Trim8/Scarb1/Resf1/Atg5/Ceacam1/Dag1/Rrp1b/Etf1/Hdac1/Thoc2/Itgav/Notch1/Pabpc1/Smc3/Mcts1/Vapb/Top2b/Mmp9/Crebbp/Tardbp/Chmp4b/Vps4a/Cnot7/Rab1a/Mphosph8/Thoc7/Chmp5/Vps4b",31
"BP","GO:1904951","positive regulation of establishment of protein localization","38/1060","454/23210",0.000258306996651823,0.0069395909548251,0.0052648904475983,"Csf1r/Rapgef3/Pycard/Mdm2/Gsk3b/Agt/Crlf2/B3gat3/Ceacam1/Slamf1/Wnt5a/Smo/Chp1/Asph/Irf3/Selenok/Phpt1/Rufy3/Pdcd5/Jak2/Tomm7/Cct3/Hras/Tardbp/Tomm70a/Bcap31/Cadm1/Akap12/Cct7/Oxct1/Cct4/Riok2/Glud1/Fbxw7/Dynll1/Cdc42/Cct2/Ywhae",38
"BP","GO:0016032","viral process","27/1060","283/23210",0.000261019551861634,0.0069777503963011,0.00529384104140427,"Csf1r/Trim30a/Trim8/Resf1/Atg5/Ceacam1/Dag1/Rrp1b/Etf1/Hdac1/Itgav/Notch1/Pabpc1/Smc3/Mcts1/Vapb/Top2b/Mmp9/Crebbp/Tardbp/Chmp4b/Vps4a/Cnot7/Rab1a/Mphosph8/Chmp5/Vps4b",27
"BP","GO:0072678","T cell migration","10/1060","58/23210",0.000267774920143907,0.0070434673054735,0.00534369878224228,"Pycard/Slc12a2/Cxcl16/Wnt5a/Cd99/Med23/Selenok/Cd200/Crk/Stk39",10
"BP","GO:1903902","positive regulation of viral life cycle","10/1060","58/23210",0.000267774920143907,0.0070434673054735,0.00534369878224228,"Trim30a/Notch1/Pabpc1/Smc3/Vapb/Top2b/Chmp4b/Vps4a/Cnot7/Vps4b",10
"BP","GO:0022010","central nervous system myelination","6/1060","21/23210",0.000268695234245841,0.0070434673054735,0.00534369878224228,"Id4/Nkx6-2/Sox10/Myrf/Hes5/Pten",6
"BP","GO:0032291","axon ensheathment in central nervous system","6/1060","21/23210",0.000268695234245841,0.0070434673054735,0.00534369878224228,"Id4/Nkx6-2/Sox10/Myrf/Hes5/Pten",6
"BP","GO:0010634","positive regulation of epithelial cell migration","17/1060","143/23210",0.00029125215461479,0.00759788229429888,0.00576431927668835,"Rhoj/Ctsh/Hbegf/Agt/Grn/Hspb1/Anxa1/Wnt5a/Calr/Map3k3/Bcar1/Rab11a/Fgf1/Mmp9/Pdcd6/Atp5a1/Atp5b",17
"BP","GO:0046890","regulation of lipid biosynthetic process","19/1060","170/23210",0.000294575205420044,0.00764762552532806,0.00580205819582394,"Tspo/C3/Scarb1/Zbtb20/Agt/Anxa1/Acadl/Ceacam1/Slc45a3/Trib3/Stard4/Mapk9/Cnep1r1/Fgf1/Thrsp/Insig2/Abhd6/Scp2/Atp1a1",19
"BP","GO:0016241","regulation of macroautophagy","14/1060","105/23210",0.000300011173740196,0.00775148487175627,0.00588085362980027,"Nupr1/Usp36/Tmem173/Rab1b/Sesn3/Sec22b/Hspb8/Tomm7/Pafah1b2/Rab3gap2/Chmp4b/Ikbkg/Tbk1/Bnip3",14
"BP","GO:0036473","cell death in response to oxidative stress","13/1060","93/23210",0.000305089279237887,0.00784515289468852,0.0059519171668865,"Foxp1/Ralbp1/Hspb1/Pde8a/Pdk1/Lancl1/Jak2/Bag5/Sod2/Stk24/Rnf146/Fbxw7/Hsph1",13
"BP","GO:0010594","regulation of endothelial cell migration","18/1060","157/23210",0.000307628534081559,0.0078729577442674,0.00597301199623562,"Rhoj/Hdac5/Agt/Grn/Hspb1/Anxa1/Ceacam1/Klf4/Wnt5a/Calr/Notch1/Map3k3/Bcar1/Fgf1/Pdcd6/Atp5a1/Fbxw7/Atp5b",18
"BP","GO:0032944","regulation of mononuclear cell proliferation","23/1060","227/23210",0.000309306289421937,0.00787855642867199,0.00597725957512503,"Lgals3/Tyrobp/Sdc4/Pycard/Csf1/Il6ra/Cdkn1a/Fcgr2b/Anxa1/Ceacam1/Efnb1/Slamf1/Ighm/Zap70/St6gal1/Znhit1/Twsg1/Selenok/Rps3/Tnfrsf21/Tfrc/Bcl6/Cd24a",23
"BP","GO:0000082","G1/S transition of mitotic cell cycle","19/1060","171/23210",0.000317512417696578,0.00804371747093815,0.00610256304032968,"Ccnd2/Eif4ebp1/Brd4/Rhou/Mdm2/Id4/Cdkn1a/Anxa1/Ccnd1/Pkd1/Klf4/Rbbp8/Kcna5/Crebbp/Eif4e/Ppp3ca/Rdx/Pten/Rpl17",19
"BP","GO:0090316","positive regulation of intracellular protein transport","16/1060","131/23210",0.000319439084813103,0.00804371747093815,0.00610256304032968,"Rapgef3/Mdm2/Gsk3b/B3gat3/Smo/Asph/Rufy3/Pdcd5/Tomm7/Hras/Tardbp/Bcap31/Riok2/Fbxw7/Cdc42/Ywhae",16
"BP","GO:1900087","positive regulation of G1/S transition of mitotic cell cycle","8/1060","39/23210",0.000320409704833119,0.00804371747093815,0.00610256304032968,"Ccnd2/Mdm2/Anxa1/Ccnd1/Kcna5/Crebbp/Rdx/Rpl17",8
"BP","GO:0044843","cell cycle G1/S phase transition","20/1060","185/23210",0.000321748698837526,0.00804371747093815,0.00610256304032968,"Ccnd2/Eif4ebp1/Brd4/Rhou/Mdm2/Id4/Cdkn1a/Anxa1/Ccnd1/Pkd1/Klf4/Rbbp8/Kcna5/Crebbp/Eif4e/Ppp3ca/Rdx/Pten/Susd2/Rpl17",20
"BP","GO:0034504","protein localization to nucleus","26/1060","272/23210",0.000326589257989966,0.00812449954282491,0.00616385033541415,"Gbp2/Mdm2/Trim8/Gsk3b/Agt/Cdkn1a/Lzts2/Fbxo4/Smo/Chp1/Calr/Polr1a/Ipo11/Cnep1r1/Tardbp/Nup62/Ing1/Cse1l/Ppp3ca/Mbtps1/Tor1aip2/Nup85/Ogt/Ywhae/Nupl1/Nup133",26
"BP","GO:0008380","RNA splicing","32/1060","364/23210",0.000328949458759274,0.00812449954282491,0.00616385033541415,"Lgals3/Malat1/Trpt1/Ybx1/Rbm5/Rrp1b/Ddx39/Prdx6/Luc7l2/Thoc2/Pabpc1/Nova1/Srsf5/Son/Hnrnpk/Khdrbs1/Usp39/Smu1/Rbmxl1/Rnps1/Aar2/Tardbp/Snrnp25/Celf2/Hnrnpa3/Ik/Snu13/Snrpe/Thoc7/Lsm8/Srsf3/Strap",32
"BP","GO:0046578","regulation of Ras protein signal transduction","23/1060","228/23210",0.000329493592570121,0.00812449954282491,0.00616385033541415,"Myo9b/Rgl2/Csf1/Plekhg2/Arhgef7/Rasa2/Timp2/Arhgef10/Arhgef2/Notch1/Rasa4/Fgd3/Arpp19/Hras/Nup62/Trio/Rit2/Crk/Kalrn/Map2k1/Bcl6/Ralgps2/Ogt",23
"BP","GO:0009127","purine nucleoside monophosphate biosynthetic process","18/1060","158/23210",0.000332669646091233,0.00812857958774958,0.00616694576131021,"Aldoc/Nupr1/Zbtb20/Atp5l/Foxk2/Ier3/Atp5j2/Ndufc2/Atp5pb/Atp5j/Atp5h/Atp5a1/Map2k1/Atp5c1/Eno2/Ogt/Paics/Atp5b",18
"BP","GO:0009168","purine ribonucleoside monophosphate biosynthetic process","18/1060","158/23210",0.000332669646091233,0.00812857958774958,0.00616694576131021,"Aldoc/Nupr1/Zbtb20/Atp5l/Foxk2/Ier3/Atp5j2/Ndufc2/Atp5pb/Atp5j/Atp5h/Atp5a1/Map2k1/Atp5c1/Eno2/Ogt/Paics/Atp5b",18
"BP","GO:0070665","positive regulation of leukocyte proliferation","17/1060","145/23210",0.000343555320085735,0.00835675102911248,0.00634005360727208,"Pycard/Csf1/Gsk3b/Il6ra/Cdkn1a/Anxa1/Ceacam1/Efnb1/Slamf1/Ighm/Zap70/St6gal1/Selenok/Rps3/Tfrc/Bcl6/Cd24a",17
"BP","GO:0097120","receptor localization to synapse","11/1060","71/23210",0.00035446774548135,0.00855077215812445,0.00648725248331781,"Tyrobp/Magi2/Gsk3b/Dag1/Rab11a/Rap1a/Neto1/Hras/Gphn/Kalrn/Map2k1",11
"BP","GO:0001836","release of cytochrome c from mitochondria","10/1060","60/23210",0.000356282173255185,0.00855077215812445,0.00648725248331781,"Pycard/Fam162a/Pdcd5/Mapk9/Mmp9/Moap1/Sod2/Bcl2l2/Higd1a/Bnip3",10
"BP","GO:0060324","face development","10/1060","60/23210",0.000356282173255185,0.00855077215812445,0.00648725248331781,"Ptpn11/Mmp2/Chd7/Wnt5a/Asph/Crebbp/Mkks/Cdk2ap1/Map2k1/Zfand5",10
"BP","GO:0016050","vesicle organization","25/1060","259/23210",0.000364166111850436,0.00866298239644209,0.00657238352572175,"Sdc4/Anxa1/Pafah1b1/Slamf1/Pi4k2a/Vps11/Gosr1/Vamp1/Clcn3/Agfg1/Sec22b/Rab11a/Snx19/Stx17/Vapb/Stx12/Stx8/Uso1/Vps4a/Pdcd6/Rab1a/Wasl/Prkci/Vamp4/Vps4b",25
"BP","GO:0051056","regulation of small GTPase mediated signal transduction","25/1060","259/23210",0.000364166111850436,0.00866298239644209,0.00657238352572175,"Myo9b/Rgl2/Csf1/Plekhg2/Arhgef7/Rasa2/Timp2/Arhgef10/Arhgef2/Notch1/Rasa4/Sipa1l2/Fgd3/Cgnl1/Arpp19/Hras/Nup62/Trio/Rit2/Crk/Kalrn/Map2k1/Bcl6/Ralgps2/Ogt",25
"BP","GO:0002685","regulation of leukocyte migration","21/1060","201/23210",0.000367790004490088,0.00871081589581788,0.00660867358021895,"Lgals3/Cxcl14/Pycard/Csf1/Anxa1/Rarres2/Slamf1/Emilin1/Wnt5a/Cd99/Calr/Gcsam/Med23/Selenok/Cd200/Mmp9/Thy1/Camk1d/Akirin1/Crk/Stk39",21
"BP","GO:0006473","protein acetylation","20/1060","187/23210",0.000370512887212753,0.00873698511331382,0.00662852749727435,"Rapgef3/Brd4/Nupr1/Gsk3b/Atg5/Ing4/Hdac1/Kmt2a/Irf4/Esco1/Yeats4/Crebbp/Naa35/Naa20/Epc1/Ncoa1/Kat2b/Taf9/Ogt/Nap1l2",20
"BP","GO:0010508","positive regulation of autophagy","15/1060","120/23210",0.000378057465598298,0.00887613180100352,0.00673409453596602,"Ddit3/Trim8/Gsk3b/Tpcn1/Tmem59/Tmem173/Sesn3/Hspb8/Tomm7/Pafah1b2/Rab3gap2/Ikbkg/Map2k1/Tbk1/Bnip3",15
"BP","GO:0038179","neurotrophin signaling pathway","8/1060","40/23210",0.000384642673775261,0.00891446540080005,0.00676317725924245,"Magi2/Ptpn11/Agt/Bcar1/Bdnf/Rap1a/Wasf1/Ndn",8
"BP","GO:0044743","protein transmembrane import into intracellular organelle","8/1060","40/23210",0.000384642673775261,0.00891446540080005,0.00676317725924245,"Timm44/Dnajc15/Grpel2/Tomm7/Chchd4/Timm10/Timm23/Dnajc19",8
"BP","GO:0046825","regulation of protein export from nucleus","8/1060","40/23210",0.000384642673775261,0.00891446540080005,0.00676317725924245,"Rapgef3/Ptpn11/Mdm2/Gsk3b/Thoc2/Chchd4/Riok2/Ywhae",8
"BP","GO:0043543","protein acylation","23/1060","231/23210",0.000397162812126838,0.00908538148185427,0.00689284692541459,"Rapgef3/Brd4/Nupr1/Gsk3b/Atg5/Ing4/Hdac1/Kmt2a/Zdhhc12/Irf4/Selenok/Esco1/Zdhhc14/Yeats4/Crebbp/Naa35/Naa20/Epc1/Ncoa1/Kat2b/Taf9/Ogt/Nap1l2",23
"BP","GO:2001234","negative regulation of apoptotic signaling pathway","23/1060","231/23210",0.000397162812126838,0.00908538148185427,0.00689284692541459,"Lgals3/Mdm2/Gnai2/Hspb1/Ptpn1/Hdac1/Itgav/Bdnf/Rb1cc1/Ier3/Gclc/Bag5/Mmp9/Rrm2b/Sod2/Bcl2l2/Higd1a/Ikbkg/Prdx2/Map2k1/Selenos/Faim/Hsph1",23
"BP","GO:0006397","mRNA processing","37/1060","448/23210",0.000399710170101279,0.00908538148185427,0.00689284692541459,"Lgals3/Malat1/Ybx1/Rbm5/Safb2/Rrp1b/Ddx39/Prdx6/Luc7l2/Thoc2/Pabpc1/Nova1/Srsf5/Son/Hnrnpk/Cstf3/Khdrbs1/Tbrg4/Usp39/Smu1/Rbmxl1/Rnps1/Aar2/Tardbp/Snrnp25/Celf2/Hnrnpa3/Ik/Fip1l1/Snu13/Grsf1/Snrpe/Fastkd5/Thoc7/Lsm8/Srsf3/Strap",37
"BP","GO:0060396","growth hormone receptor signaling pathway","5/1060","15/23210",0.000402633964645234,0.00908538148185427,0.00689284692541459,"Pxn/Stat6/Jak2/Leprot/Ghr",5
"BP","GO:0071378","cellular response to growth hormone stimulus","5/1060","15/23210",0.000402633964645234,0.00908538148185427,0.00689284692541459,"Pxn/Stat6/Jak2/Leprot/Ghr",5
"BP","GO:0051028","mRNA transport","14/1060","108/23210",0.000402658540479633,0.00908538148185427,0.00689284692541459,"Bicd2/Ddx39/Pcid2/Thoc2/Ddx19b/Nup62/Hnrnpa3/Nup85/Seh1l/Thoc7/Xpo7/Srsf3/G3bp2/Nup133",14
"BP","GO:0009206","purine ribonucleoside triphosphate biosynthetic process","17/1060","147/23210",0.000403794732526856,0.00908538148185427,0.00689284692541459,"Aldoc/Nupr1/Zbtb20/Atp5l/Foxk2/Ier3/Atp5j2/Ndufc2/Atp5pb/Atp5j/Atp5h/Atp5a1/Map2k1/Atp5c1/Eno2/Ogt/Atp5b",17
"BP","GO:1904375","regulation of protein localization to cell periphery","16/1060","134/23210",0.000413135274031628,0.00923098373258728,0.00700331163493756,"Lgals3/Magi2/Gsk3b/Dag1/Tmem59/Gnai1/Rab11a/Rap1a/Stx8/Hras/Lztfl1/Vps4a/Kalrn/Prkci/Map2k1/Vamp4",16
"BP","GO:0008286","insulin receptor signaling pathway","15/1060","121/23210",0.000413684826534467,0.00923098373258728,0.00700331163493756,"Socs3/Eif4ebp1/Ybx1/Ptpn11/Gsk3b/Gnai2/Agt/Rarres2/Grb10/Ptpn1/Bcar1/Sesn3/Adipor1/Srsf3/Ogt",15
"BP","GO:0071456","cellular response to hypoxia","13/1060","96/23210",0.000418311972130714,0.00929582160290477,0.00705250247144354,"Eif4ebp1/Notch1/Kcnd2/Pdk1/Fam162a/Sdhd/Vasn/Pten/Higd1a/Map2k1/Bnip3/Chchd2/Ogt",13
"BP","GO:0045807","positive regulation of endocytosis","19/1060","175/23210",0.000425536148068314,0.0094176032769217,0.00714489511769576,"Il2rg/Magi2/Slc11a1/C3/Pycard/Mertk/Fcer1g/Fcgr2b/Add1/Ighm/Wnt5a/Calr/Hnrnpk/Rap1a/Rab21/Cd151/Camk1d/Ppp3ca/Wasl",19
"BP","GO:0009145","purine nucleoside triphosphate biosynthetic process","17/1060","148/23210",0.000437190377858893,0.00955800826088267,0.00725141679363652,"Aldoc/Nupr1/Zbtb20/Atp5l/Foxk2/Ier3/Atp5j2/Ndufc2/Atp5pb/Atp5j/Atp5h/Atp5a1/Map2k1/Atp5c1/Eno2/Ogt/Atp5b",17
"BP","GO:0050657","nucleic acid transport","17/1060","148/23210",0.000437190377858893,0.00955800826088267,0.00725141679363652,"Bicd2/Ddx39/Pcid2/Thoc2/Ddx19b/Khdrbs1/Stau2/Nup62/Hnrnpa3/Nup85/Riok2/Seh1l/Thoc7/Xpo7/Srsf3/G3bp2/Nup133",17
"BP","GO:0050658","RNA transport","17/1060","148/23210",0.000437190377858893,0.00955800826088267,0.00725141679363652,"Bicd2/Ddx39/Pcid2/Thoc2/Ddx19b/Khdrbs1/Stau2/Nup62/Hnrnpa3/Nup85/Riok2/Seh1l/Thoc7/Xpo7/Srsf3/G3bp2/Nup133",17
"BP","GO:0031589","cell-substrate adhesion","30/1060","339/23210",0.000445949246122802,0.00967714636025636,0.0073418038273134,"Itgb5/Sdc4/Fermt3/Rpl29/Pxn/Csf1/Gsk3b/Agt/Mertk/Lamc1/Hspg2/Dag1/Col5a3/St6gal1/Emilin1/Acer2/Calr/Itgav/Notch1/Prkx/Bcar1/Jak2/Thy1/Spock1/Epdr1/Pten/Crk/Rab1a/Bcl6/Edil3",30
"BP","GO:0031103","axon regeneration","9/1060","51/23210",0.000450152348501713,0.00967714636025636,0.0073418038273134,"Mmp2/Gap43/Grn/Klf4/Jak2/Pten/Stk24/Map2k1/Nrep",9
"BP","GO:0009156","ribonucleoside monophosphate biosynthetic process","18/1060","162/23210",0.000451369787569352,0.00967714636025636,0.0073418038273134,"Aldoc/Nupr1/Zbtb20/Atp5l/Foxk2/Ier3/Atp5j2/Ndufc2/Atp5pb/Atp5j/Atp5h/Atp5a1/Map2k1/Atp5c1/Eno2/Ogt/Paics/Atp5b",18
"BP","GO:0032434","regulation of proteasomal ubiquitin-dependent protein catabolic process","15/1060","122/23210",0.000452150250609329,0.00967714636025636,0.0073418038273134,"Ubxn1/Mdm2/Gsk3b/Trib3/Gclc/Bag5/Mapk9/Bcap31/Usp14/Csnk1d/Usp7/Socs5/Taf9/Ogt/Csnk1a1",15
"BP","GO:0048284","organelle fusion","15/1060","122/23210",0.000452150250609329,0.00967714636025636,0.0073418038273134,"Anxa1/Slamf1/Gdap1/Vps11/Gosr1/Vamp1/Sec22b/Stx17/Stx12/Stx8/Uso1/Vps4a/Chmp5/Bnip3/Vamp4",15
"BP","GO:0002637","regulation of immunoglobulin production","11/1060","73/23210",0.000453392227619418,0.00967714636025636,0.0073418038273134,"Parp3/Foxp1/Traf2/Fcgr2b/Ceacam1/Ighm/Stat6/Mlh1/Trp53bp1/Tfrc/Bcl6",11
"BP","GO:0010639","negative regulation of organelle organization","34/1060","403/23210",0.000462016695950756,0.00969514808294479,0.007355461274624,"Tspo/Apc2/Nupr1/Add3/Trip12/Atg5/Add1/Fkbp4/Kdm5a/Tet1/Pcid2/Jarid2/Arhgef2/Lig3/Exosc10/Ier3/Sec22b/Gclc/Ube2b/Mapre1/Mkks/Pttg1/Bcl2l2/Chmp4b/Camsap1/Rdx/Trim37/H3f3a/H3f3b/Ik/Higd1a/Pfn2/Bnip3/Kat2b",34
"BP","GO:0006346","methylation-dependent chromatin silencing","6/1060","23/23210",0.000462183002612207,0.00969514808294479,0.007355461274624,"Resf1/Tet1/Hdac1/Dnmt3a/Mbd1/Mphosph8",6
"BP","GO:0010595","positive regulation of endothelial cell migration","13/1060","97/23210",0.000463212630629584,0.00969514808294479,0.007355461274624,"Rhoj/Agt/Grn/Hspb1/Anxa1/Wnt5a/Calr/Map3k3/Bcar1/Fgf1/Pdcd6/Atp5a1/Atp5b",13
"BP","GO:0072676","lymphocyte migration","13/1060","97/23210",0.000463212630629584,0.00969514808294479,0.007355461274624,"Cxcl14/Pycard/Slc12a2/Ccl9/Cxcl16/Wnt5a/Cd99/Gcsam/Med23/Selenok/Cd200/Crk/Stk39",13
"BP","GO:2001243","negative regulation of intrinsic apoptotic signaling pathway","13/1060","97/23210",0.000463212630629584,0.00969514808294479,0.007355461274624,"Mdm2/Hspb1/Ptpn1/Hdac1/Bag5/Mmp9/Rrm2b/Sod2/Bcl2l2/Ikbkg/Map2k1/Selenos/Hsph1",13
"BP","GO:0035418","protein localization to synapse","12/1060","85/23210",0.000468984628940847,0.0097780579006972,0.00741836283616248,"Magi2/Gsk3b/Hspb1/Dag1/Rab11a/Rap1a/Stau2/Hras/Gphn/Kalrn/Map2k1/Klc1",12
"BP","GO:0009895","negative regulation of catabolic process","27/1060","294/23210",0.000476794469540669,0.00990265436738313,0.00751289099373395,"Ubxn1/Tspo/Ybx1/Slc11a1/Nupr1/Usp36/Csnk2a2/Timp2/Prkcg/Os9/Pabpc1/Foxk2/Ier3/Sec22b/Bag5/Dffa/Mtmr9/Tardbp/Usp14/Chmp4b/Eif4g2/Ube2g2/Usp7/Cyp51/Slirp/Taf9/Ogt",27
"BP","GO:0031345","negative regulation of cell projection organization","21/1060","205/23210",0.000478870406635921,0.00990766358557078,0.00751669135965721,"Vim/Gfap/Ctsz/Mdm2/Gsk3b/Sema3b/Pafah1b1/Sema4d/Sema4b/Wnt5a/Thoc2/Rufy3/Bag5/Thy1/Spock1/Ppp3ca/Pten/Rit2/Pfn2/Ywhah/Dpysl3",21
"CC","GO:0044455","mitochondrial membrane part","46/1068","216/23436",1.14617142501338e-18,7.6678868333395e-16,5.63433742611839e-16,"Sox10/Cox7a1/Ndufv1/Gdap1/Slc25a19/Dnajc11/Atp5l/Bdnf/Uqcrc2/Dnajc15/Grpel2/Atp5j2/Ndufc2/Cox7a2l/Sdhd/Tomm7/Atp5pb/Timm10b/Fundc2/Ndufs5/Tomm70a/Ndufa6/Atp5j/Ndufa5/Atp5h/Cox7a2/Ndufb5/Armcx3/Ndufs6/Ndufaf1/Ndufaf5/Slc25a3/Ndufb6/Cox5a/Ndufs2/Atp5a1/Ndufa1/Bnip3/Atp5c1/Ndufb3/Atp5md/Timm23/Micos10/Scp2/Atp5b/Dnajc19",46
"CC","GO:0098800","inner mitochondrial membrane protein complex","31/1068","128/23436",1.19537734599612e-14,3.99853722235702e-12,2.93811168726415e-12,"Ndufv1/Dnajc11/Atp5l/Uqcrc2/Dnajc15/Grpel2/Atp5j2/Ndufc2/Sdhd/Atp5pb/Timm10b/Ndufs5/Ndufa6/Atp5j/Ndufa5/Atp5h/Ndufb5/Ndufs6/Ndufaf1/Ndufb6/Cox5a/Ndufs2/Atp5a1/Ndufa1/Atp5c1/Ndufb3/Atp5md/Timm23/Micos10/Atp5b/Dnajc19",31
"CC","GO:0005743","mitochondrial inner membrane","59/1068","433/23436",5.20639123631524e-14,1.1610252456983e-11,8.53117441178673e-12,"Lgals3/Prodh/Timm44/Slc25a28/Cyb5r3/Cox7a1/Ndufv1/Hmgcl/Ugt1a6a/Abca8b/Slc25a19/Dnajc11/Atp5l/Bdnf/Letm1/Uqcrc2/Dnajc15/Grpel2/Rps3/Atp5j2/Ndufc2/Cox7a2l/Sdhd/Tmem126a/Slc25a29/Atp5pb/Timm10b/Ndufs5/Ndufa6/Sod2/Atp5j/Ndufa5/Timm10/Atp5h/Cox7a2/Ndufb5/Cox6c/Ndufs6/Ndufaf1/Ndufaf5/Slc25a15/Higd1a/Slc25a3/Ndufb6/Cox5a/Ndufs2/Atp5a1/Ndufa1/Slc25a14/Abcd3/Atp5c1/Ndufb3/Atp5md/Timm23/Micos10/Acat1/Glud1/Atp5b/Dnajc19",59
"CC","GO:0098798","mitochondrial protein complex","43/1068","263/23436",3.00702303742381e-13,5.02924603009132e-11,3.69547304862347e-11,"Mrpl15/Ndufv1/Dnajc11/Atp5l/Pdk1/Uqcrc2/Dnajc15/Grpel2/Atp5j2/Ndufc2/Sdhd/Mrps18c/Tomm7/Atp5pb/Mrpl43/Timm10b/Ndufs5/Tomm70a/Ndufa6/Mrpl48/Atp5j/Ndufa5/Timm10/Atp5h/Mrps2/Ndufb5/Mrpl16/Ndufs6/Ndufaf1/Ndufb6/Cox5a/Ndufs2/Atp5a1/Ndufa1/Atp5c1/Ndufb3/Atp5md/Timm23/Micos10/Dlat/Atp5b/Dnajc19/Mrps14",43
"CC","GO:0019866","organelle inner membrane","59/1068","475/23436",2.85686570127767e-12,3.82248630830952e-10,2.80875006841405e-10,"Lgals3/Prodh/Timm44/Slc25a28/Cyb5r3/Cox7a1/Ndufv1/Hmgcl/Ugt1a6a/Abca8b/Slc25a19/Dnajc11/Atp5l/Bdnf/Letm1/Uqcrc2/Dnajc15/Grpel2/Rps3/Atp5j2/Ndufc2/Cox7a2l/Sdhd/Tmem126a/Slc25a29/Atp5pb/Timm10b/Ndufs5/Ndufa6/Sod2/Atp5j/Ndufa5/Timm10/Atp5h/Cox7a2/Ndufb5/Cox6c/Ndufs6/Ndufaf1/Ndufaf5/Slc25a15/Higd1a/Slc25a3/Ndufb6/Cox5a/Ndufs2/Atp5a1/Ndufa1/Slc25a14/Abcd3/Atp5c1/Ndufb3/Atp5md/Timm23/Micos10/Acat1/Glud1/Atp5b/Dnajc19",59
"CC","GO:0043209","myelin sheath","33/1068","213/23436",7.29811044754986e-10,8.13739314901809e-08,5.97932908597506e-08,"Gfap/Sept4/Ywhag/Rap1a/Uqcrc2/Cct3/Atp5pb/Thy1/Sod2/Napg/Atp5h/Rdx/Pten/Calm2/Calm1/Calm3/Slc25a3/Prdx2/Cox5a/Canx/Prkci/Atp5a1/Cycs/Atp5c1/Nsf/Eno2/Dlat/Atp5b/Cdc42/Atp1b1/Cct2/Atp6v1b2/Atp1a1",33
"CC","GO:0005746","mitochondrial respiratory chain","18/1068","77/23436",7.96302006821287e-09,7.61037203662059e-07,5.592075747151e-07,"Cox7a1/Ndufv1/Uqcrc2/Ndufc2/Cox7a2l/Sdhd/Ndufs5/Ndufa6/Ndufa5/Cox7a2/Ndufb5/Ndufs6/Ndufaf1/Ndufb6/Cox5a/Ndufs2/Ndufa1/Ndufb3",18
"CC","GO:0070469","respiratory chain","19/1068","89/23436",1.52836099607428e-08,1.27809188296712e-06,9.39137612061436e-07,"Cox7a1/Ndufv1/Uqcrc2/Ndufc2/Cox7a2l/Sdhd/Ndufs5/Ndufa6/Ndufa5/Cox7a2/Ndufb5/Ndufs6/Ndufaf1/Higd1a/Ndufb6/Cox5a/Ndufs2/Ndufa1/Ndufb3",19
"CC","GO:0005753","mitochondrial proton-transporting ATP synthase complex","9/1068","21/23436",1.46706446710716e-07,1.09051792054965e-05,8.01308896069055e-06,"Atp5l/Atp5j2/Atp5pb/Atp5j/Atp5h/Atp5a1/Atp5c1/Atp5md/Atp5b",9
"CC","GO:0045259","proton-transporting ATP synthase complex","9/1068","22/23436",2.38220906652239e-07,1.59369786550348e-05,1.17104382533258e-05,"Atp5l/Atp5j2/Atp5pb/Atp5j/Atp5h/Atp5a1/Atp5c1/Atp5md/Atp5b",9
"CC","GO:0044445","cytosolic part","34/1068","299/23436",9.67564692690313e-07,5.88455254008927e-05,4.32394939221413e-05,"Eif4ebp1/Rpl29/Aldoc/Pycard/Rpsa/Rpl36/Dag1/Fau/Prkcg/Pi4k2a/Rps2/Rpl7l1/Rpl21/Rps3/Mcts1/Cct3/Stx12/Rpl31/Rpl7/Eif4e/Pten/Cct7/Cct4/Bloc1s5/Rpl10/Ikbkg/Psmc6/Rpl36a/Rps10/Eno2/Rpl17/Rpl15/Cct2/Rpl22l1",34
"CC","GO:0016469","proton-transporting two-sector ATPase complex","12/1068","49/23436",1.45726163624506e-06,7.68674665714452e-05,5.64819556114623e-05,"Atp5l/Atp5j2/Atp5pb/Atp5j/Atp5h/Atp6v0e2/Atp5a1/Atp5c1/Atp5md/Atp6v1c1/Atp5b/Atp6v1b2",12
"CC","GO:0098589","membrane region","39/1068","377/23436",1.74975147774046e-06,7.68674665714452e-05,5.64819556114623e-05,"Sdc4/Bicd2/Fxyd1/Atp2b2/Add3/Scarb1/Gsk3b/Gnai2/Fcer1g/Traf2/Fcgr2b/Add1/Dag1/Efnb1/Stat6/Zap70/Pi4k2a/Smo/Cavin3/Kcnd2/Gnai1/Kcna5/Lamtor3/Jak2/Stx12/Nup62/Thy1/Adcy2/Rit2/Crk/Birc2/Bmpr1a/Atp5a1/Nae1/Eno2/Cd24a/Atp5b/Atp1b1/Atp1a1",39
"CC","GO:0005747","mitochondrial respiratory chain complex I","12/1068","50/23436",1.8383848507371e-06,7.68674665714452e-05,5.64819556114623e-05,"Ndufv1/Ndufc2/Ndufs5/Ndufa6/Ndufa5/Ndufb5/Ndufs6/Ndufaf1/Ndufb6/Ndufs2/Ndufa1/Ndufb3",12
"CC","GO:0030964","NADH dehydrogenase complex","12/1068","50/23436",1.8383848507371e-06,7.68674665714452e-05,5.64819556114623e-05,"Ndufv1/Ndufc2/Ndufs5/Ndufa6/Ndufa5/Ndufb5/Ndufs6/Ndufaf1/Ndufb6/Ndufs2/Ndufa1/Ndufb3",12
"CC","GO:0045271","respiratory chain complex I","12/1068","50/23436",1.8383848507371e-06,7.68674665714452e-05,5.64819556114623e-05,"Ndufv1/Ndufc2/Ndufs5/Ndufa6/Ndufa5/Ndufb5/Ndufs6/Ndufaf1/Ndufb6/Ndufs2/Ndufa1/Ndufb3",12
"CC","GO:0098803","respiratory chain complex","15/1068","81/23436",3.32719987904249e-06,0.000130935101122319,9.62106714249437e-05,"Ndufv1/Uqcrc2/Ndufc2/Sdhd/Ndufs5/Ndufa6/Ndufa5/Ndufb5/Ndufs6/Ndufaf1/Ndufb6/Cox5a/Ndufs2/Ndufa1/Ndufb3",15
"CC","GO:0045121","membrane raft","37/1068","364/23436",4.80988633929975e-06,0.000178767442277307,0.000131357714646373,"Sdc4/Fxyd1/Atp2b2/Add3/Scarb1/Gsk3b/Gnai2/Fcer1g/Traf2/Fcgr2b/Add1/Dag1/Efnb1/Stat6/Zap70/Pi4k2a/Smo/Cavin3/Kcnd2/Gnai1/Kcna5/Lamtor3/Jak2/Stx12/Thy1/Adcy2/Rit2/Crk/Birc2/Bmpr1a/Atp5a1/Nae1/Eno2/Cd24a/Atp5b/Atp1b1/Atp1a1",37
"CC","GO:0098857","membrane microdomain","37/1068","365/23436",5.1233976150137e-06,0.000180397526549693,0.000132555495080964,"Sdc4/Fxyd1/Atp2b2/Add3/Scarb1/Gsk3b/Gnai2/Fcer1g/Traf2/Fcgr2b/Add1/Dag1/Efnb1/Stat6/Zap70/Pi4k2a/Smo/Cavin3/Kcnd2/Gnai1/Kcna5/Lamtor3/Jak2/Stx12/Thy1/Adcy2/Rit2/Crk/Birc2/Bmpr1a/Atp5a1/Nae1/Eno2/Cd24a/Atp5b/Atp1b1/Atp1a1",37
"CC","GO:1990204","oxidoreductase complex","17/1068","108/23436",7.62532523962984e-06,0.000255067129265618,0.000187422467731954,"Ndufv1/Pdk1/Uqcrc2/Ndufc2/Sdhd/Ndufs5/Ndufa6/Pdhb/Ndufa5/Ndufb5/Ndufs6/Ndufaf1/Ndufb6/Ndufs2/Ndufa1/Ndufb3/Dlat",17
"CC","GO:0005840","ribosome","29/1068","265/23436",1.25129038236404e-05,0.0003986253646674,0.000292908575721306,"Rpl29/Rpsa/Rpl36/Fau/Rpl41/Mrpl15/Rps2/Rpl7l1/Rpl21/Abcf1/Rps3/Mrps18c/Mcts1/Mrpl43/Rpl31/Rpl7/Mrpl48/Mrps33/Mrps2/Mrpl16/Ptcd3/Rpl10/Canx/Rpl36a/Rps10/Rpl17/Rpl15/Mrps14/Rpl22l1",29
"CC","GO:0031252","cell leading edge","35/1068","380/23436",6.80101063273353e-05,0.00206812550604488,0.00151965165812754,"Vim/Itgb5/Rapgef3/Apc2/Myo9b/Pxn/S100a6/Arhgef7/Pafah1b1/Dag1/Arhgef2/Slc39a6/Itgav/Pdlim4/Bcar1/Hax1/Rufy3/Hcn1/Rps3/Tln1/Kcnc4/Wwc1/Thy1/Lcp1/Wasf1/Rdx/Wasl/Cntnap2/Prkci/Tubb3/Dpysl3/Amph/Cdc42/Atp6v1b2/Tesc",35
"CC","GO:0005759","mitochondrial matrix","27/1068","264/23436",8.00044845827577e-05,0.00232708696460282,0.00170993566591066,"Timm44/Acadl/Mrpl15/Lonp1/Pdk1/Coasy/Uqcrc2/Dnajc15/Grpel2/Rps3/Mrps18c/Tbrg4/Mrpl43/Hspe1/Sod2/Mrpl48/Mrps2/Mrpl16/Glrx2/Grsf1/Fastkd5/Acat1/Glud1/Dlat/Atp5b/Dnajc19/Mrps14",27
"CC","GO:0005741","mitochondrial outer membrane","20/1068","168/23436",8.43466326739289e-05,0.00235116238578577,0.00172762620433003,"Tspo/Sox10/Cyb5r3/Tmem173/Gdap1/Dnajc11/Acsl1/Hax1/Tomm7/Moap1/Fundc2/Tomm70a/Bcl2l2/Wasf1/Armcx2/Armcx3/Rmdn3/Bnip3/Slc25a46/Scp2",20
"CC","GO:0005844","polysome","12/1068","74/23436",0.000121420722934663,0.00324921854573157,0.00238751484675736,"Vim/Rpl29/Msi1/Calr/Abcf1/Rps3/Rpl31/Rpl7/Naa35/Vbp1/Psma6/Rpl17",12
"CC","GO:0044391","ribosomal subunit","24/1068","230/23436",0.000143373147125548,0.0036891013625766,0.00271073925941825,"Rpl29/Rpsa/Rpl36/Fau/Mrpl15/Rps2/Rpl7l1/Rpl21/Rps3/Mrps18c/Mcts1/Mrpl43/Rpl31/Rpl7/Mrpl48/Mrps2/Mrpl16/Rpl10/Rpl36a/Rps10/Rpl17/Rpl15/Mrps14/Rpl22l1",24
"CC","GO:0044431","Golgi apparatus part","41/1068","491/23436",0.000151247901322409,0.00374758688832192,0.00275371422680566,"Lyz2/Lyz1/Pycard/Vamp5/Grn/Ubxn2a/B3gat3/Rab40c/Tgfbi/Retreg1/Rhbdd2/Tmem59/Cog1/St6gal1/Pi4k2a/Acer2/Sdf4/Chp1/Cpd/BC004004/Rab1b/Ap3b2/Gosr1/Cog8/Sec22b/Rab11a/Rab21/Aftph/Stx8/Dpy30/Bcap31/Uso1/Mbtps1/Copg2/Stk24/Rab1a/Wasl/Ier3ip1/Vamp4/Nsf/Cdc42",41
"CC","GO:0000502","proteasome complex","11/1068","66/23436",0.000179647445118453,0.00425389981117015,0.00312575125767675,"Hspb1/Zfand2b/Psma5/Usp14/Psma3/Psma7/Psmc6/Txnl1/Psma6/Psmc2/Psmb4",11
"CC","GO:0000276","mitochondrial proton-transporting ATP synthase complex, coupling factor F(o)","5/1068","13/23436",0.000184399244430395,0.00425389981117015,0.00312575125767675,"Atp5l/Atp5j2/Atp5pb/Atp5j/Atp5h",5
"CC","GO:1905369","endopeptidase complex","11/1068","67/23436",0.000206199604416523,0.00459825117848847,0.00337877948289531,"Hspb1/Zfand2b/Psma5/Usp14/Psma3/Psma7/Psmc6/Txnl1/Psma6/Psmc2/Psmb4",11
"CC","GO:0005874","microtubule","36/1068","420/23436",0.000226644353595123,0.00489113137274636,0.00359398686346086,"Kif1b/Apc2/Pbxip1/Tmem214/Tubb6/Tuba3a/Gsk3b/Pafah1b1/Lzts2/Fkbp4/Psrc1/Arhgef2/Spast/Rab11a/Tppp3/Stau2/Cct3/Dync1i1/Mapre1/Camsap1/Cct7/Cct4/Ttl/Csnk1d/Slc8a1/Rmdn3/Map2k1/Kif2a/Tubb3/Selenos/Dynll1/Dctn3/Cct2/Dynlt3/Hsph1/Klc1",36
"CC","GO:0005635","nuclear envelope","35/1068","407/23436",0.00025877695541172,0.00541005572407627,0.00397529072951556,"Ccnd2/Ybx1/Bicd2/S100a6/Pafah1b1/Nsmf/Pcid2/Stat6/Calr/Trib3/Ipo11/Ddx19b/Abcf1/Spast/Rb1cc1/Gmcl1/Yeats4/Stau2/Cnep1r1/Nup62/Cse1l/Epc1/Chmp4b/Kcnh2/Akirin1/Nup85/Seh1l/Ryr2/Pgrmc2/Tmem33/Bnip3/Xpo7/Cacybp/Nupl1/Nup133",35
"CC","GO:1905368","peptidase complex","13/1068","92/23436",0.000268113526380158,0.00543259196831506,0.00399185028589904,"Hspb1/Zfand2b/Psma5/Usp14/Sec11a/Psma3/Psma7/Psmc6/Txnl1/Taf9/Psma6/Psmc2/Psmb4",13
"CC","GO:0033178","proton-transporting two-sector ATPase complex, catalytic domain","5/1068","14/23436",0.000276095854891946,0.00543259196831506,0.00399185028589904,"Atp5a1/Atp5c1/Atp6v1c1/Atp5b/Atp6v1b2",5
"CC","GO:0005770","late endosome","21/1068","198/23436",0.000291599889652727,0.00557372360507642,0.00409555333737815,"Magi2/Slc11a1/Ddit3/Vamp5/Cst7/Grn/Cd68/Tmem59/Sdf4/Vps11/Clcn3/Rab11a/Rap1a/Lamtor3/Cdip1/Stx8/Lamp1/Vps4a/Parm1/Map2k1/Abhd6",21
"CC","GO:0019867","outer membrane","20/1068","185/23436",0.00031309552018984,0.00566110548667576,0.00415976124974838,"Tspo/Sox10/Cyb5r3/Tmem173/Gdap1/Dnajc11/Acsl1/Hax1/Tomm7/Moap1/Fundc2/Tomm70a/Bcl2l2/Wasf1/Armcx2/Armcx3/Rmdn3/Bnip3/Slc25a46/Scp2",20
"CC","GO:0031968","organelle outer membrane","20/1068","185/23436",0.00031309552018984,0.00566110548667576,0.00415976124974838,"Tspo/Sox10/Cyb5r3/Tmem173/Gdap1/Dnajc11/Acsl1/Hax1/Tomm7/Moap1/Fundc2/Tomm70a/Bcl2l2/Wasf1/Armcx2/Armcx3/Rmdn3/Bnip3/Slc25a46/Scp2",20
"CC","GO:0033267","axon part","37/1068","448/23436",0.000384225462976609,0.00676439038766715,0.00497045128005752,"Ctsz/Rapgef3/Gsk3b/Arhgef7/Pafah1b1/Timp2/Calca/Dag1/Fkbp4/Prkcg/Smo/Clcn3/Bdnf/Nts/Hnrnpk/Rufy3/Hcn1/Kcnc4/Dync1i1/Thy1/Spock1/Cadm1/Prss12/Kcnq2/Calm2/Calm1/Calm3/Pfn2/Cntnap2/Tubb3/Ppp1r2/Dpysl3/Amph/Eno2/Dynll1/Ywhae/Klc1",37
"CC","GO:0045263","proton-transporting ATP synthase complex, coupling factor F(o)","5/1068","15/23436",0.00039864483954884,0.00683829224764549,0.00502475411793005,"Atp5l/Atp5j2/Atp5pb/Atp5j/Atp5h",5
"CC","GO:0022626","cytosolic ribosome","17/1068","148/23436",0.000426742235763953,0.00713726389315212,0.00524443747636227,"Rpl29/Rpsa/Rpl36/Fau/Rps2/Rpl7l1/Rpl21/Rps3/Mcts1/Rpl31/Rpl7/Rpl10/Rpl36a/Rps10/Rpl17/Rpl15/Rpl22l1",17
"CC","GO:0098791","Golgi subcompartment","36/1068","438/23436",0.000500446317279297,0.00816581917706951,0.00600021643567219,"Lyz2/Lyz1/Pycard/Vamp5/Grn/B3gat3/Rab40c/Tgfbi/Rhbdd2/Tmem59/St6gal1/Pi4k2a/Acer2/Chp1/Cpd/BC004004/Rab1b/Ap3b2/Gosr1/Sec22b/Rab11a/Rab21/Aftph/Stx8/Dpy30/Bcap31/Uso1/Mbtps1/Copg2/Stk24/Rab1a/Wasl/Ier3ip1/Vamp4/Nsf/Cdc42",36
"CC","GO:0030027","lamellipodium","18/1068","165/23436",0.000549132746709522,0.00874690017973024,0.00642719279983325,"Rapgef3/Apc2/Myo9b/Pxn/Arhgef7/Dag1/Slc39a6/Itgav/Pdlim4/Bcar1/Hax1/Rufy3/Wasf1/Rdx/Wasl/Tubb3/Dpysl3/Tesc",18
"CC","GO:0033177","proton-transporting two-sector ATPase complex, proton-transporting domain","6/1068","24/23436",0.000585886300742074,0.00911530081852203,0.00669789234875272,"Atp5l/Atp5j2/Atp5pb/Atp5j/Atp5h/Atp6v0e2",6
"MF","GO:0015078","proton transmembrane transporter activity","21/1048","120/22710",1.31103438959455e-07,0.000119173026014145,0.000100190628089015,"Slc11a1/Cox7a1/Slc45a3/Slc46a1/Slc15a3/Hvcn1/Atp5l/Clcn3/Letm1/Cox7a2l/Atp5pb/Atp5j/Atp5h/Cox7a2/Cox6c/Atp6v0e2/Cox5a/Atp5a1/Atp5c1/Atp6v1c1/Atp5b",21
"MF","GO:0016887","ATPase activity","41/1048","379/22710",4.05827064939894e-07,0.000184448401015182,0.000155068657445454,"Kif1b/Myo9b/Atp2b2/Mcm7/Ralbp1/Abcd4/Ptpa/Anxa1/Pbrm1/Ddx39/Abca8b/Lonp1/Atp5l/Mlh1/Abcf3/Abcf1/Spast/Atp13a3/Atp5j2/Atp5pb/Dync1i1/Top2b/Atp5j/Atp5h/Vps4a/Atp6v0e2/Pfn2/Psmc6/Atp5a1/Kif2a/Abcd3/Atp5c1/Chd6/Atp6v1c1/Nsf/Dynll1/Psmc2/Atp5b/Atp1b1/Vps4b/Atp1a1",41
"MF","GO:0005080","protein kinase C binding","14/1048","62/22710",6.65941130020837e-07,0.000201780162396314,0.000169639740489519,"Sdc4/Add3/Pdlim5/Hdac5/Hspb1/Ugt1a10/Ugt1a9/Itgav/Cavin3/Pard6g/Ywhag/Nell2/Top2b/Glrx3",14
"MF","GO:0031625","ubiquitin protein ligase binding","33/1048","306/22710",5.74206362185035e-06,0.00130488395806549,0.00109703636564825,"Ubxn1/Pxn/Mdm2/Pa2g4/Gsk3b/Cdkn1a/Traf2/Tmem173/Erbb3/Prdx6/Calr/Trib3/Bag5/Stx8/Ube2b/Moap1/Rnf8/Kcnh2/Trim37/Ube2g1/Jkamp/Tollip/Psma3/Usp7/Ikbkg/Ndufs2/Nae1/Ube2d3/Ube2d2a/Cacybp/Fbxw7/Cct2/Ywhae",33
"MF","GO:0000287","magnesium ion binding","24/1048","194/22710",1.1024754910259e-05,0.00183072015988946,0.00153911509012766,"Sept4/Comt/Mast2/Mast3/Thtpa/Hmgcl/Foxk2/Gnai1/Nudt7/Gclc/Fen1/Rap2a/Snrk/Adcy2/Pdcd6/Farsb/Impa1/Idi1/Uba2/Ppa1/Eno2/Csnk1a1/Dck/Tesc",24
"MF","GO:0015077","monovalent inorganic cation transmembrane transporter activity","36/1048","360/22710",1.20839614514155e-05,0.00183072015988946,0.00153911509012766,"Slc4a4/Slc11a1/Slc12a2/Tpcn1/Cox7a1/Slc45a3/Slc46a1/Slc15a3/Hvcn1/Atp5l/Slc23a2/Kcnd2/Clcn3/Kcna5/Slc24a3/Letm1/Hcn1/Cox7a2l/Kcnc4/Atp5pb/Atp5j/Atp5h/Cox7a2/Kcnh2/Kcnq2/Cox6c/Atp6v0e2/Cox5a/Atp5a1/Slc8a1/Atp5c1/Atp6v1c1/Kcnj14/Atp5b/Atp1b1/Atp1a1",36
"MF","GO:0015020","glucuronosyltransferase activity","9/1048","34/22710",1.69202365135537e-05,0.00203813197060313,0.00171348944549577,"B3gat3/Ugt1a6a/Ugt1a2/Ugt1a10/Ugt1a7c/Ugt1a5/Ugt1a9/Ugt1a6b/Ugt1a1",9
"MF","GO:0042623","ATPase activity, coupled","30/1048","282/22710",1.95784895286569e-05,0.00203813197060313,0.00171348944549577,"Kif1b/Myo9b/Atp2b2/Mcm7/Ralbp1/Abcd4/Anxa1/Pbrm1/Abca8b/Lonp1/Atp5l/Spast/Atp5pb/Dync1i1/Top2b/Atp5h/Atp6v0e2/Psmc6/Atp5a1/Abcd3/Atp5c1/Chd6/Atp6v1c1/Nsf/Dynll1/Psmc2/Atp5b/Atp1b1/Vps4b/Atp1a1",30
"MF","GO:0044389","ubiquitin-like protein ligase binding","33/1048","325/22710",2.01795244614172e-05,0.00203813197060313,0.00171348944549577,"Ubxn1/Pxn/Mdm2/Pa2g4/Gsk3b/Cdkn1a/Traf2/Tmem173/Erbb3/Prdx6/Calr/Trib3/Bag5/Stx8/Ube2b/Moap1/Rnf8/Kcnh2/Trim37/Ube2g1/Jkamp/Tollip/Psma3/Usp7/Ikbkg/Ndufs2/Nae1/Ube2d3/Ube2d2a/Cacybp/Fbxw7/Cct2/Ywhae",33
"MF","GO:0003735","structural constituent of ribosome","22/1048","182/22710",3.6220485822982e-05,0.00329244216130906,0.00276800765341947,"Rpl29/Rpsa/Rpl36/Fau/Rpl41/Mrpl15/Rps2/Rpl7l1/Rpl21/Rps3/Mrps18c/Mrpl43/Rpl31/Rpl7/Mrps2/Mrpl16/Rpl10/Rps10/Rpl17/Rpl15/Mrps14/Rpl22l1",22
"MF","GO:0046933","proton-transporting ATP synthase activity, rotational mechanism","6/1048","16/22710",5.11468272382732e-05,0.00422658781450821,0.00355335852392214,"Atp5l/Atp5pb/Atp5h/Atp5a1/Atp5c1/Atp5b",6
"MF","GO:0043531","ADP binding","9/1048","40/22710",6.87444568565932e-05,0.00514155992509776,0.00432258989707715,"Myo9b/Cyb5r3/Lonp1/Gclc/Atp5a1/Glud1/Atp5b/Chordc1/Atp1a1",9
"MF","GO:0005178","integrin binding","17/1048","128/22710",8.42863281530136e-05,0.00514155992509776,0.00432258989707715,"Gfap/Itgb5/Fermt3/Pxn/Nisch/Gsk3b/Timp2/Tgfbi/Emilin1/Calr/Itgav/Tln1/Fgf1/Cd151/Thy1/Lcp1/Edil3",17
"MF","GO:0048306","calcium-dependent protein binding","12/1048","71/22710",9.03871847697074e-05,0.00514155992509776,0.00432258989707715,"S100a6/Masp1/Anxa1/Nsmf/A2m/Chp1/Masp2/Vps37c/Pdcd6/Calm2/Calm1/Calm3",12
"MF","GO:0019829","cation-transporting ATPase activity","11/1048","61/22710",9.61567862779558e-05,0.00514155992509776,0.00432258989707715,"Atp2b2/Atp5l/Atp5pb/Atp5h/Atp6v0e2/Atp5a1/Atp5c1/Atp6v1c1/Atp5b/Atp1b1/Atp1a1",11
"MF","GO:0022853","active ion transmembrane transporter activity","11/1048","61/22710",9.61567862779558e-05,0.00514155992509776,0.00432258989707715,"Atp2b2/Atp5l/Atp5pb/Atp5h/Atp6v0e2/Atp5a1/Atp5c1/Atp6v1c1/Atp5b/Atp1b1/Atp1a1",11
"MF","GO:0042625","ATPase coupled ion transmembrane transporter activity","11/1048","61/22710",9.61567862779558e-05,0.00514155992509776,0.00432258989707715,"Atp2b2/Atp5l/Atp5pb/Atp5h/Atp6v0e2/Atp5a1/Atp5c1/Atp6v1c1/Atp5b/Atp1b1/Atp1a1",11
"MF","GO:0044769","ATPase activity, coupled to transmembrane movement of ions, rotational mechanism","8/1048","34/22710",0.000124388245449061,0.00628160639517756,0.00528104480678468,"Atp5l/Atp5pb/Atp5h/Atp6v0e2/Atp5a1/Atp5c1/Atp6v1c1/Atp5b",8
